$date
	Wed Jun 10 05:36:59 2026
$end
$version
	Icarus Verilog
$end
$timescale
	1ps
$end
$scope module bfsk_top_tb $end
$var wire 1 ! tx_done $end
$var wire 1 " tx_busy $end
$var wire 1 # modulated_out $end
$var reg 1 $ clk $end
$var reg 1 % load $end
$var reg 8 & parallel_data [7:0] $end
$var reg 1 ' rst $end
$scope module u_dut $end
$var wire 1 $ clk $end
$var wire 1 % load $end
$var wire 8 ( parallel_data [7:0] $end
$var wire 1 ' rst $end
$var wire 1 ! tx_done $end
$var wire 1 " tx_busy $end
$var wire 1 ) serial_data $end
$var wire 1 # modulated_out $end
$var parameter 16 * BIT_PERIOD $end
$var parameter 8 + F0_DIV $end
$var parameter 8 , F1_DIV $end
$scope module u_dim $end
$var wire 16 - bit_period [15:0] $end
$var wire 1 $ clk $end
$var wire 1 % load $end
$var wire 8 . parallel_data [7:0] $end
$var wire 1 ' rst $end
$var parameter 1 / IDLE $end
$var parameter 1 0 TRANSMIT $end
$var reg 4 1 bit_index [3:0] $end
$var reg 16 2 bit_timer [15:0] $end
$var reg 1 ) serial_out $end
$var reg 8 3 shift_reg [7:0] $end
$var reg 1 4 state $end
$var reg 1 " tx_busy $end
$var reg 1 ! tx_done $end
$upscope $end
$scope module u_mod $end
$var wire 1 $ clk $end
$var wire 1 ) data_in $end
$var wire 1 ' rst $end
$var parameter 8 5 F0_DIV $end
$var parameter 8 6 F1_DIV $end
$var reg 8 7 counter [7:0] $end
$var reg 1 # modulated_out $end
$upscope $end
$upscope $end
$scope task send_byte $end
$var reg 8 8 byte_val [7:0] $end
$upscope $end
$upscope $end
$enddefinitions $end
$comment Show the parameter values. $end
$dumpall
b11001 6
b110010 5
10
0/
b11001 ,
b110010 +
b1100100 *
$end
#0
$dumpvars
bx 8
bx 7
x4
bx 3
bx 2
bx 1
b0 .
b1100100 -
x)
b0 (
1'
b0 &
0%
0$
x#
x"
x!
$end
#10000
0!
0"
0)
b0 1
b0 2
b0 3
04
0#
b0 7
1$
#20000
0$
#30000
0'
1$
#40000
0$
#50000
b1 7
1$
#60000
0$
#70000
b10 7
1$
#80000
1%
b10100101 &
b10100101 (
b10100101 .
0$
b10100101 8
#90000
14
1"
1)
b10100101 3
b11 7
1$
#100000
0%
0$
#110000
b100 7
b1 2
1$
#120000
0$
#130000
b10 2
b101 7
1$
#140000
0$
#150000
b110 7
b11 2
1$
#160000
0$
#170000
b100 2
b111 7
1$
#180000
0$
#190000
b1000 7
b101 2
1$
#200000
0$
#210000
b110 2
b1001 7
1$
#220000
0$
#230000
b1010 7
b111 2
1$
#240000
0$
#250000
b1000 2
b1011 7
1$
#260000
0$
#270000
b1100 7
b1001 2
1$
#280000
0$
#290000
b1010 2
b1101 7
1$
#300000
0$
#310000
b1110 7
b1011 2
1$
#320000
0$
#330000
b1100 2
b1111 7
1$
#340000
0$
#350000
b10000 7
b1101 2
1$
#360000
0$
#370000
b1110 2
b10001 7
1$
#380000
0$
#390000
b10010 7
b1111 2
1$
#400000
0$
#410000
b10000 2
b10011 7
1$
#420000
0$
#430000
b10100 7
b10001 2
1$
#440000
0$
#450000
b10010 2
b10101 7
1$
#460000
0$
#470000
b10110 7
b10011 2
1$
#480000
0$
#490000
b10100 2
b10111 7
1$
#500000
0$
#510000
b11000 7
b10101 2
1$
#520000
0$
#530000
b10110 2
1#
b0 7
1$
#540000
0$
#550000
b1 7
b10111 2
1$
#560000
0$
#570000
b11000 2
b10 7
1$
#580000
0$
#590000
b11 7
b11001 2
1$
#600000
0$
#610000
b11010 2
b100 7
1$
#620000
0$
#630000
b101 7
b11011 2
1$
#640000
0$
#650000
b11100 2
b110 7
1$
#660000
0$
#670000
b111 7
b11101 2
1$
#680000
0$
#690000
b11110 2
b1000 7
1$
#700000
0$
#710000
b1001 7
b11111 2
1$
#720000
0$
#730000
b100000 2
b1010 7
1$
#740000
0$
#750000
b1011 7
b100001 2
1$
#760000
0$
#770000
b100010 2
b1100 7
1$
#780000
0$
#790000
b1101 7
b100011 2
1$
#800000
0$
#810000
b100100 2
b1110 7
1$
#820000
0$
#830000
b1111 7
b100101 2
1$
#840000
0$
#850000
b100110 2
b10000 7
1$
#860000
0$
#870000
b10001 7
b100111 2
1$
#880000
0$
#890000
b101000 2
b10010 7
1$
#900000
0$
#910000
b10011 7
b101001 2
1$
#920000
0$
#930000
b101010 2
b10100 7
1$
#940000
0$
#950000
b10101 7
b101011 2
1$
#960000
0$
#970000
b101100 2
b10110 7
1$
#980000
0$
#990000
b10111 7
b101101 2
1$
#1000000
0$
#1010000
b101110 2
b11000 7
1$
#1020000
0$
#1030000
0#
b0 7
b101111 2
1$
#1040000
0$
#1050000
b110000 2
b1 7
1$
#1060000
0$
#1070000
b10 7
b110001 2
1$
#1080000
0$
#1090000
b110010 2
b11 7
1$
#1100000
0$
#1110000
b100 7
b110011 2
1$
#1120000
0$
#1130000
b110100 2
b101 7
1$
#1140000
0$
#1150000
b110 7
b110101 2
1$
#1160000
0$
#1170000
b110110 2
b111 7
1$
#1180000
0$
#1190000
b1000 7
b110111 2
1$
#1200000
0$
#1210000
b111000 2
b1001 7
1$
#1220000
0$
#1230000
b1010 7
b111001 2
1$
#1240000
0$
#1250000
b111010 2
b1011 7
1$
#1260000
0$
#1270000
b1100 7
b111011 2
1$
#1280000
0$
#1290000
b111100 2
b1101 7
1$
#1300000
0$
#1310000
b1110 7
b111101 2
1$
#1320000
0$
#1330000
b111110 2
b1111 7
1$
#1340000
0$
#1350000
b10000 7
b111111 2
1$
#1360000
0$
#1370000
b1000000 2
b10001 7
1$
#1380000
0$
#1390000
b10010 7
b1000001 2
1$
#1400000
0$
#1410000
b1000010 2
b10011 7
1$
#1420000
0$
#1430000
b10100 7
b1000011 2
1$
#1440000
0$
#1450000
b1000100 2
b10101 7
1$
#1460000
0$
#1470000
b10110 7
b1000101 2
1$
#1480000
0$
#1490000
b1000110 2
b10111 7
1$
#1500000
0$
#1510000
b11000 7
b1000111 2
1$
#1520000
0$
#1530000
b1001000 2
1#
b0 7
1$
#1540000
0$
#1550000
b1 7
b1001001 2
1$
#1560000
0$
#1570000
b1001010 2
b10 7
1$
#1580000
0$
#1590000
b11 7
b1001011 2
1$
#1600000
0$
#1610000
b1001100 2
b100 7
1$
#1620000
0$
#1630000
b101 7
b1001101 2
1$
#1640000
0$
#1650000
b1001110 2
b110 7
1$
#1660000
0$
#1670000
b111 7
b1001111 2
1$
#1680000
0$
#1690000
b1010000 2
b1000 7
1$
#1700000
0$
#1710000
b1001 7
b1010001 2
1$
#1720000
0$
#1730000
b1010010 2
b1010 7
1$
#1740000
0$
#1750000
b1011 7
b1010011 2
1$
#1760000
0$
#1770000
b1010100 2
b1100 7
1$
#1780000
0$
#1790000
b1101 7
b1010101 2
1$
#1800000
0$
#1810000
b1010110 2
b1110 7
1$
#1820000
0$
#1830000
b1111 7
b1010111 2
1$
#1840000
0$
#1850000
b1011000 2
b10000 7
1$
#1860000
0$
#1870000
b10001 7
b1011001 2
1$
#1880000
0$
#1890000
b1011010 2
b10010 7
1$
#1900000
0$
#1910000
b10011 7
b1011011 2
1$
#1920000
0$
#1930000
b1011100 2
b10100 7
1$
#1940000
0$
#1950000
b10101 7
b1011101 2
1$
#1960000
0$
#1970000
b1011110 2
b10110 7
1$
#1980000
0$
#1990000
b10111 7
b1011111 2
1$
#2000000
0$
#2010000
b1100000 2
b11000 7
1$
#2020000
0$
#2030000
0#
b0 7
b1100001 2
1$
#2040000
0$
#2050000
b1100010 2
b1 7
1$
#2060000
0$
#2070000
b10 7
b1100011 2
1$
#2080000
0$
#2090000
b1 1
0)
b1001010 3
b0 2
b11 7
1$
#2100000
0$
#2110000
b100 7
b1 2
1$
#2120000
0$
#2130000
b10 2
b101 7
1$
#2140000
0$
#2150000
b110 7
b11 2
1$
#2160000
0$
#2170000
b100 2
b111 7
1$
#2180000
0$
#2190000
b1000 7
b101 2
1$
#2200000
0$
#2210000
b110 2
b1001 7
1$
#2220000
0$
#2230000
b1010 7
b111 2
1$
#2240000
0$
#2250000
b1000 2
b1011 7
1$
#2260000
0$
#2270000
b1100 7
b1001 2
1$
#2280000
0$
#2290000
b1010 2
b1101 7
1$
#2300000
0$
#2310000
b1110 7
b1011 2
1$
#2320000
0$
#2330000
b1100 2
b1111 7
1$
#2340000
0$
#2350000
b10000 7
b1101 2
1$
#2360000
0$
#2370000
b1110 2
b10001 7
1$
#2380000
0$
#2390000
b10010 7
b1111 2
1$
#2400000
0$
#2410000
b10000 2
b10011 7
1$
#2420000
0$
#2430000
b10100 7
b10001 2
1$
#2440000
0$
#2450000
b10010 2
b10101 7
1$
#2460000
0$
#2470000
b10110 7
b10011 2
1$
#2480000
0$
#2490000
b10100 2
b10111 7
1$
#2500000
0$
#2510000
b11000 7
b10101 2
1$
#2520000
0$
#2530000
b10110 2
b11001 7
1$
#2540000
0$
#2550000
b11010 7
b10111 2
1$
#2560000
0$
#2570000
b11000 2
b11011 7
1$
#2580000
0$
#2590000
b11100 7
b11001 2
1$
#2600000
0$
#2610000
b11010 2
b11101 7
1$
#2620000
0$
#2630000
b11110 7
b11011 2
1$
#2640000
0$
#2650000
b11100 2
b11111 7
1$
#2660000
0$
#2670000
b100000 7
b11101 2
1$
#2680000
0$
#2690000
b11110 2
b100001 7
1$
#2700000
0$
#2710000
b100010 7
b11111 2
1$
#2720000
0$
#2730000
b100000 2
b100011 7
1$
#2740000
0$
#2750000
b100100 7
b100001 2
1$
#2760000
0$
#2770000
b100010 2
b100101 7
1$
#2780000
0$
#2790000
b100110 7
b100011 2
1$
#2800000
0$
#2810000
b100100 2
b100111 7
1$
#2820000
0$
#2830000
b101000 7
b100101 2
1$
#2840000
0$
#2850000
b100110 2
b101001 7
1$
#2860000
0$
#2870000
b101010 7
b100111 2
1$
#2880000
0$
#2890000
b101000 2
b101011 7
1$
#2900000
0$
#2910000
b101100 7
b101001 2
1$
#2920000
0$
#2930000
b101010 2
b101101 7
1$
#2940000
0$
#2950000
b101110 7
b101011 2
1$
#2960000
0$
#2970000
b101100 2
b101111 7
1$
#2980000
0$
#2990000
b110000 7
b101101 2
1$
#3000000
0$
#3010000
b101110 2
b110001 7
1$
#3020000
0$
#3030000
1#
b0 7
b101111 2
1$
#3040000
0$
#3050000
b110000 2
b1 7
1$
#3060000
0$
#3070000
b10 7
b110001 2
1$
#3080000
0$
#3090000
b110010 2
b11 7
1$
#3100000
0$
#3110000
b100 7
b110011 2
1$
#3120000
0$
#3130000
b110100 2
b101 7
1$
#3140000
0$
#3150000
b110 7
b110101 2
1$
#3160000
0$
#3170000
b110110 2
b111 7
1$
#3180000
0$
#3190000
b1000 7
b110111 2
1$
#3200000
0$
#3210000
b111000 2
b1001 7
1$
#3220000
0$
#3230000
b1010 7
b111001 2
1$
#3240000
0$
#3250000
b111010 2
b1011 7
1$
#3260000
0$
#3270000
b1100 7
b111011 2
1$
#3280000
0$
#3290000
b111100 2
b1101 7
1$
#3300000
0$
#3310000
b1110 7
b111101 2
1$
#3320000
0$
#3330000
b111110 2
b1111 7
1$
#3340000
0$
#3350000
b10000 7
b111111 2
1$
#3360000
0$
#3370000
b1000000 2
b10001 7
1$
#3380000
0$
#3390000
b10010 7
b1000001 2
1$
#3400000
0$
#3410000
b1000010 2
b10011 7
1$
#3420000
0$
#3430000
b10100 7
b1000011 2
1$
#3440000
0$
#3450000
b1000100 2
b10101 7
1$
#3460000
0$
#3470000
b10110 7
b1000101 2
1$
#3480000
0$
#3490000
b1000110 2
b10111 7
1$
#3500000
0$
#3510000
b11000 7
b1000111 2
1$
#3520000
0$
#3530000
b1001000 2
b11001 7
1$
#3540000
0$
#3550000
b11010 7
b1001001 2
1$
#3560000
0$
#3570000
b1001010 2
b11011 7
1$
#3580000
0$
#3590000
b11100 7
b1001011 2
1$
#3600000
0$
#3610000
b1001100 2
b11101 7
1$
#3620000
0$
#3630000
b11110 7
b1001101 2
1$
#3640000
0$
#3650000
b1001110 2
b11111 7
1$
#3660000
0$
#3670000
b100000 7
b1001111 2
1$
#3680000
0$
#3690000
b1010000 2
b100001 7
1$
#3700000
0$
#3710000
b100010 7
b1010001 2
1$
#3720000
0$
#3730000
b1010010 2
b100011 7
1$
#3740000
0$
#3750000
b100100 7
b1010011 2
1$
#3760000
0$
#3770000
b1010100 2
b100101 7
1$
#3780000
0$
#3790000
b100110 7
b1010101 2
1$
#3800000
0$
#3810000
b1010110 2
b100111 7
1$
#3820000
0$
#3830000
b101000 7
b1010111 2
1$
#3840000
0$
#3850000
b1011000 2
b101001 7
1$
#3860000
0$
#3870000
b101010 7
b1011001 2
1$
#3880000
0$
#3890000
b1011010 2
b101011 7
1$
#3900000
0$
#3910000
b101100 7
b1011011 2
1$
#3920000
0$
#3930000
b1011100 2
b101101 7
1$
#3940000
0$
#3950000
b101110 7
b1011101 2
1$
#3960000
0$
#3970000
b1011110 2
b101111 7
1$
#3980000
0$
#3990000
b110000 7
b1011111 2
1$
#4000000
0$
#4010000
b1100000 2
b110001 7
1$
#4020000
0$
#4030000
0#
b0 7
b1100001 2
1$
#4040000
0$
#4050000
b1100010 2
b1 7
1$
#4060000
0$
#4070000
b10 7
b1100011 2
1$
#4080000
0$
#4090000
b10 1
1)
b10010100 3
b0 2
b11 7
1$
#4100000
0$
#4110000
b100 7
b1 2
1$
#4120000
0$
#4130000
b10 2
b101 7
1$
#4140000
0$
#4150000
b110 7
b11 2
1$
#4160000
0$
#4170000
b100 2
b111 7
1$
#4180000
0$
#4190000
b1000 7
b101 2
1$
#4200000
0$
#4210000
b110 2
b1001 7
1$
#4220000
0$
#4230000
b1010 7
b111 2
1$
#4240000
0$
#4250000
b1000 2
b1011 7
1$
#4260000
0$
#4270000
b1100 7
b1001 2
1$
#4280000
0$
#4290000
b1010 2
b1101 7
1$
#4300000
0$
#4310000
b1110 7
b1011 2
1$
#4320000
0$
#4330000
b1100 2
b1111 7
1$
#4340000
0$
#4350000
b10000 7
b1101 2
1$
#4360000
0$
#4370000
b1110 2
b10001 7
1$
#4380000
0$
#4390000
b10010 7
b1111 2
1$
#4400000
0$
#4410000
b10000 2
b10011 7
1$
#4420000
0$
#4430000
b10100 7
b10001 2
1$
#4440000
0$
#4450000
b10010 2
b10101 7
1$
#4460000
0$
#4470000
b10110 7
b10011 2
1$
#4480000
0$
#4490000
b10100 2
b10111 7
1$
#4500000
0$
#4510000
b11000 7
b10101 2
1$
#4520000
0$
#4530000
b10110 2
1#
b0 7
1$
#4540000
0$
#4550000
b1 7
b10111 2
1$
#4560000
0$
#4570000
b11000 2
b10 7
1$
#4580000
0$
#4590000
b11 7
b11001 2
1$
#4600000
0$
#4610000
b11010 2
b100 7
1$
#4620000
0$
#4630000
b101 7
b11011 2
1$
#4640000
0$
#4650000
b11100 2
b110 7
1$
#4660000
0$
#4670000
b111 7
b11101 2
1$
#4680000
0$
#4690000
b11110 2
b1000 7
1$
#4700000
0$
#4710000
b1001 7
b11111 2
1$
#4720000
0$
#4730000
b100000 2
b1010 7
1$
#4740000
0$
#4750000
b1011 7
b100001 2
1$
#4760000
0$
#4770000
b100010 2
b1100 7
1$
#4780000
0$
#4790000
b1101 7
b100011 2
1$
#4800000
0$
#4810000
b100100 2
b1110 7
1$
#4820000
0$
#4830000
b1111 7
b100101 2
1$
#4840000
0$
#4850000
b100110 2
b10000 7
1$
#4860000
0$
#4870000
b10001 7
b100111 2
1$
#4880000
0$
#4890000
b101000 2
b10010 7
1$
#4900000
0$
#4910000
b10011 7
b101001 2
1$
#4920000
0$
#4930000
b101010 2
b10100 7
1$
#4940000
0$
#4950000
b10101 7
b101011 2
1$
#4960000
0$
#4970000
b101100 2
b10110 7
1$
#4980000
0$
#4990000
b10111 7
b101101 2
1$
#5000000
0$
#5010000
b101110 2
b11000 7
1$
#5020000
0$
#5030000
0#
b0 7
b101111 2
1$
#5040000
0$
#5050000
b110000 2
b1 7
1$
#5060000
0$
#5070000
b10 7
b110001 2
1$
#5080000
0$
#5090000
b110010 2
b11 7
1$
#5100000
0$
#5110000
b100 7
b110011 2
1$
#5120000
0$
#5130000
b110100 2
b101 7
1$
#5140000
0$
#5150000
b110 7
b110101 2
1$
#5160000
0$
#5170000
b110110 2
b111 7
1$
#5180000
0$
#5190000
b1000 7
b110111 2
1$
#5200000
0$
#5210000
b111000 2
b1001 7
1$
#5220000
0$
#5230000
b1010 7
b111001 2
1$
#5240000
0$
#5250000
b111010 2
b1011 7
1$
#5260000
0$
#5270000
b1100 7
b111011 2
1$
#5280000
0$
#5290000
b111100 2
b1101 7
1$
#5300000
0$
#5310000
b1110 7
b111101 2
1$
#5320000
0$
#5330000
b111110 2
b1111 7
1$
#5340000
0$
#5350000
b10000 7
b111111 2
1$
#5360000
0$
#5370000
b1000000 2
b10001 7
1$
#5380000
0$
#5390000
b10010 7
b1000001 2
1$
#5400000
0$
#5410000
b1000010 2
b10011 7
1$
#5420000
0$
#5430000
b10100 7
b1000011 2
1$
#5440000
0$
#5450000
b1000100 2
b10101 7
1$
#5460000
0$
#5470000
b10110 7
b1000101 2
1$
#5480000
0$
#5490000
b1000110 2
b10111 7
1$
#5500000
0$
#5510000
b11000 7
b1000111 2
1$
#5520000
0$
#5530000
b1001000 2
1#
b0 7
1$
#5540000
0$
#5550000
b1 7
b1001001 2
1$
#5560000
0$
#5570000
b1001010 2
b10 7
1$
#5580000
0$
#5590000
b11 7
b1001011 2
1$
#5600000
0$
#5610000
b1001100 2
b100 7
1$
#5620000
0$
#5630000
b101 7
b1001101 2
1$
#5640000
0$
#5650000
b1001110 2
b110 7
1$
#5660000
0$
#5670000
b111 7
b1001111 2
1$
#5680000
0$
#5690000
b1010000 2
b1000 7
1$
#5700000
0$
#5710000
b1001 7
b1010001 2
1$
#5720000
0$
#5730000
b1010010 2
b1010 7
1$
#5740000
0$
#5750000
b1011 7
b1010011 2
1$
#5760000
0$
#5770000
b1010100 2
b1100 7
1$
#5780000
0$
#5790000
b1101 7
b1010101 2
1$
#5800000
0$
#5810000
b1010110 2
b1110 7
1$
#5820000
0$
#5830000
b1111 7
b1010111 2
1$
#5840000
0$
#5850000
b1011000 2
b10000 7
1$
#5860000
0$
#5870000
b10001 7
b1011001 2
1$
#5880000
0$
#5890000
b1011010 2
b10010 7
1$
#5900000
0$
#5910000
b10011 7
b1011011 2
1$
#5920000
0$
#5930000
b1011100 2
b10100 7
1$
#5940000
0$
#5950000
b10101 7
b1011101 2
1$
#5960000
0$
#5970000
b1011110 2
b10110 7
1$
#5980000
0$
#5990000
b10111 7
b1011111 2
1$
#6000000
0$
#6010000
b1100000 2
b11000 7
1$
#6020000
0$
#6030000
0#
b0 7
b1100001 2
1$
#6040000
0$
#6050000
b1100010 2
b1 7
1$
#6060000
0$
#6070000
b10 7
b1100011 2
1$
#6080000
0$
#6090000
b11 1
0)
b101000 3
b0 2
b11 7
1$
#6100000
0$
#6110000
b100 7
b1 2
1$
#6120000
0$
#6130000
b10 2
b101 7
1$
#6140000
0$
#6150000
b110 7
b11 2
1$
#6160000
0$
#6170000
b100 2
b111 7
1$
#6180000
0$
#6190000
b1000 7
b101 2
1$
#6200000
0$
#6210000
b110 2
b1001 7
1$
#6220000
0$
#6230000
b1010 7
b111 2
1$
#6240000
0$
#6250000
b1000 2
b1011 7
1$
#6260000
0$
#6270000
b1100 7
b1001 2
1$
#6280000
0$
#6290000
b1010 2
b1101 7
1$
#6300000
0$
#6310000
b1110 7
b1011 2
1$
#6320000
0$
#6330000
b1100 2
b1111 7
1$
#6340000
0$
#6350000
b10000 7
b1101 2
1$
#6360000
0$
#6370000
b1110 2
b10001 7
1$
#6380000
0$
#6390000
b10010 7
b1111 2
1$
#6400000
0$
#6410000
b10000 2
b10011 7
1$
#6420000
0$
#6430000
b10100 7
b10001 2
1$
#6440000
0$
#6450000
b10010 2
b10101 7
1$
#6460000
0$
#6470000
b10110 7
b10011 2
1$
#6480000
0$
#6490000
b10100 2
b10111 7
1$
#6500000
0$
#6510000
b11000 7
b10101 2
1$
#6520000
0$
#6530000
b10110 2
b11001 7
1$
#6540000
0$
#6550000
b11010 7
b10111 2
1$
#6560000
0$
#6570000
b11000 2
b11011 7
1$
#6580000
0$
#6590000
b11100 7
b11001 2
1$
#6600000
0$
#6610000
b11010 2
b11101 7
1$
#6620000
0$
#6630000
b11110 7
b11011 2
1$
#6640000
0$
#6650000
b11100 2
b11111 7
1$
#6660000
0$
#6670000
b100000 7
b11101 2
1$
#6680000
0$
#6690000
b11110 2
b100001 7
1$
#6700000
0$
#6710000
b100010 7
b11111 2
1$
#6720000
0$
#6730000
b100000 2
b100011 7
1$
#6740000
0$
#6750000
b100100 7
b100001 2
1$
#6760000
0$
#6770000
b100010 2
b100101 7
1$
#6780000
0$
#6790000
b100110 7
b100011 2
1$
#6800000
0$
#6810000
b100100 2
b100111 7
1$
#6820000
0$
#6830000
b101000 7
b100101 2
1$
#6840000
0$
#6850000
b100110 2
b101001 7
1$
#6860000
0$
#6870000
b101010 7
b100111 2
1$
#6880000
0$
#6890000
b101000 2
b101011 7
1$
#6900000
0$
#6910000
b101100 7
b101001 2
1$
#6920000
0$
#6930000
b101010 2
b101101 7
1$
#6940000
0$
#6950000
b101110 7
b101011 2
1$
#6960000
0$
#6970000
b101100 2
b101111 7
1$
#6980000
0$
#6990000
b110000 7
b101101 2
1$
#7000000
0$
#7010000
b101110 2
b110001 7
1$
#7020000
0$
#7030000
1#
b0 7
b101111 2
1$
#7040000
0$
#7050000
b110000 2
b1 7
1$
#7060000
0$
#7070000
b10 7
b110001 2
1$
#7080000
0$
#7090000
b110010 2
b11 7
1$
#7100000
0$
#7110000
b100 7
b110011 2
1$
#7120000
0$
#7130000
b110100 2
b101 7
1$
#7140000
0$
#7150000
b110 7
b110101 2
1$
#7160000
0$
#7170000
b110110 2
b111 7
1$
#7180000
0$
#7190000
b1000 7
b110111 2
1$
#7200000
0$
#7210000
b111000 2
b1001 7
1$
#7220000
0$
#7230000
b1010 7
b111001 2
1$
#7240000
0$
#7250000
b111010 2
b1011 7
1$
#7260000
0$
#7270000
b1100 7
b111011 2
1$
#7280000
0$
#7290000
b111100 2
b1101 7
1$
#7300000
0$
#7310000
b1110 7
b111101 2
1$
#7320000
0$
#7330000
b111110 2
b1111 7
1$
#7340000
0$
#7350000
b10000 7
b111111 2
1$
#7360000
0$
#7370000
b1000000 2
b10001 7
1$
#7380000
0$
#7390000
b10010 7
b1000001 2
1$
#7400000
0$
#7410000
b1000010 2
b10011 7
1$
#7420000
0$
#7430000
b10100 7
b1000011 2
1$
#7440000
0$
#7450000
b1000100 2
b10101 7
1$
#7460000
0$
#7470000
b10110 7
b1000101 2
1$
#7480000
0$
#7490000
b1000110 2
b10111 7
1$
#7500000
0$
#7510000
b11000 7
b1000111 2
1$
#7520000
0$
#7530000
b1001000 2
b11001 7
1$
#7540000
0$
#7550000
b11010 7
b1001001 2
1$
#7560000
0$
#7570000
b1001010 2
b11011 7
1$
#7580000
0$
#7590000
b11100 7
b1001011 2
1$
#7600000
0$
#7610000
b1001100 2
b11101 7
1$
#7620000
0$
#7630000
b11110 7
b1001101 2
1$
#7640000
0$
#7650000
b1001110 2
b11111 7
1$
#7660000
0$
#7670000
b100000 7
b1001111 2
1$
#7680000
0$
#7690000
b1010000 2
b100001 7
1$
#7700000
0$
#7710000
b100010 7
b1010001 2
1$
#7720000
0$
#7730000
b1010010 2
b100011 7
1$
#7740000
0$
#7750000
b100100 7
b1010011 2
1$
#7760000
0$
#7770000
b1010100 2
b100101 7
1$
#7780000
0$
#7790000
b100110 7
b1010101 2
1$
#7800000
0$
#7810000
b1010110 2
b100111 7
1$
#7820000
0$
#7830000
b101000 7
b1010111 2
1$
#7840000
0$
#7850000
b1011000 2
b101001 7
1$
#7860000
0$
#7870000
b101010 7
b1011001 2
1$
#7880000
0$
#7890000
b1011010 2
b101011 7
1$
#7900000
0$
#7910000
b101100 7
b1011011 2
1$
#7920000
0$
#7930000
b1011100 2
b101101 7
1$
#7940000
0$
#7950000
b101110 7
b1011101 2
1$
#7960000
0$
#7970000
b1011110 2
b101111 7
1$
#7980000
0$
#7990000
b110000 7
b1011111 2
1$
#8000000
0$
#8010000
b1100000 2
b110001 7
1$
#8020000
0$
#8030000
0#
b0 7
b1100001 2
1$
#8040000
0$
#8050000
b1100010 2
b1 7
1$
#8060000
0$
#8070000
b10 7
b1100011 2
1$
#8080000
0$
#8090000
b100 1
b1010000 3
b0 2
b11 7
1$
#8100000
0$
#8110000
b100 7
b1 2
1$
#8120000
0$
#8130000
b10 2
b101 7
1$
#8140000
0$
#8150000
b110 7
b11 2
1$
#8160000
0$
#8170000
b100 2
b111 7
1$
#8180000
0$
#8190000
b1000 7
b101 2
1$
#8200000
0$
#8210000
b110 2
b1001 7
1$
#8220000
0$
#8230000
b1010 7
b111 2
1$
#8240000
0$
#8250000
b1000 2
b1011 7
1$
#8260000
0$
#8270000
b1100 7
b1001 2
1$
#8280000
0$
#8290000
b1010 2
b1101 7
1$
#8300000
0$
#8310000
b1110 7
b1011 2
1$
#8320000
0$
#8330000
b1100 2
b1111 7
1$
#8340000
0$
#8350000
b10000 7
b1101 2
1$
#8360000
0$
#8370000
b1110 2
b10001 7
1$
#8380000
0$
#8390000
b10010 7
b1111 2
1$
#8400000
0$
#8410000
b10000 2
b10011 7
1$
#8420000
0$
#8430000
b10100 7
b10001 2
1$
#8440000
0$
#8450000
b10010 2
b10101 7
1$
#8460000
0$
#8470000
b10110 7
b10011 2
1$
#8480000
0$
#8490000
b10100 2
b10111 7
1$
#8500000
0$
#8510000
b11000 7
b10101 2
1$
#8520000
0$
#8530000
b10110 2
b11001 7
1$
#8540000
0$
#8550000
b11010 7
b10111 2
1$
#8560000
0$
#8570000
b11000 2
b11011 7
1$
#8580000
0$
#8590000
b11100 7
b11001 2
1$
#8600000
0$
#8610000
b11010 2
b11101 7
1$
#8620000
0$
#8630000
b11110 7
b11011 2
1$
#8640000
0$
#8650000
b11100 2
b11111 7
1$
#8660000
0$
#8670000
b100000 7
b11101 2
1$
#8680000
0$
#8690000
b11110 2
b100001 7
1$
#8700000
0$
#8710000
b100010 7
b11111 2
1$
#8720000
0$
#8730000
b100000 2
b100011 7
1$
#8740000
0$
#8750000
b100100 7
b100001 2
1$
#8760000
0$
#8770000
b100010 2
b100101 7
1$
#8780000
0$
#8790000
b100110 7
b100011 2
1$
#8800000
0$
#8810000
b100100 2
b100111 7
1$
#8820000
0$
#8830000
b101000 7
b100101 2
1$
#8840000
0$
#8850000
b100110 2
b101001 7
1$
#8860000
0$
#8870000
b101010 7
b100111 2
1$
#8880000
0$
#8890000
b101000 2
b101011 7
1$
#8900000
0$
#8910000
b101100 7
b101001 2
1$
#8920000
0$
#8930000
b101010 2
b101101 7
1$
#8940000
0$
#8950000
b101110 7
b101011 2
1$
#8960000
0$
#8970000
b101100 2
b101111 7
1$
#8980000
0$
#8990000
b110000 7
b101101 2
1$
#9000000
0$
#9010000
b101110 2
b110001 7
1$
#9020000
0$
#9030000
1#
b0 7
b101111 2
1$
#9040000
0$
#9050000
b110000 2
b1 7
1$
#9060000
0$
#9070000
b10 7
b110001 2
1$
#9080000
0$
#9090000
b110010 2
b11 7
1$
#9100000
0$
#9110000
b100 7
b110011 2
1$
#9120000
0$
#9130000
b110100 2
b101 7
1$
#9140000
0$
#9150000
b110 7
b110101 2
1$
#9160000
0$
#9170000
b110110 2
b111 7
1$
#9180000
0$
#9190000
b1000 7
b110111 2
1$
#9200000
0$
#9210000
b111000 2
b1001 7
1$
#9220000
0$
#9230000
b1010 7
b111001 2
1$
#9240000
0$
#9250000
b111010 2
b1011 7
1$
#9260000
0$
#9270000
b1100 7
b111011 2
1$
#9280000
0$
#9290000
b111100 2
b1101 7
1$
#9300000
0$
#9310000
b1110 7
b111101 2
1$
#9320000
0$
#9330000
b111110 2
b1111 7
1$
#9340000
0$
#9350000
b10000 7
b111111 2
1$
#9360000
0$
#9370000
b1000000 2
b10001 7
1$
#9380000
0$
#9390000
b10010 7
b1000001 2
1$
#9400000
0$
#9410000
b1000010 2
b10011 7
1$
#9420000
0$
#9430000
b10100 7
b1000011 2
1$
#9440000
0$
#9450000
b1000100 2
b10101 7
1$
#9460000
0$
#9470000
b10110 7
b1000101 2
1$
#9480000
0$
#9490000
b1000110 2
b10111 7
1$
#9500000
0$
#9510000
b11000 7
b1000111 2
1$
#9520000
0$
#9530000
b1001000 2
b11001 7
1$
#9540000
0$
#9550000
b11010 7
b1001001 2
1$
#9560000
0$
#9570000
b1001010 2
b11011 7
1$
#9580000
0$
#9590000
b11100 7
b1001011 2
1$
#9600000
0$
#9610000
b1001100 2
b11101 7
1$
#9620000
0$
#9630000
b11110 7
b1001101 2
1$
#9640000
0$
#9650000
b1001110 2
b11111 7
1$
#9660000
0$
#9670000
b100000 7
b1001111 2
1$
#9680000
0$
#9690000
b1010000 2
b100001 7
1$
#9700000
0$
#9710000
b100010 7
b1010001 2
1$
#9720000
0$
#9730000
b1010010 2
b100011 7
1$
#9740000
0$
#9750000
b100100 7
b1010011 2
1$
#9760000
0$
#9770000
b1010100 2
b100101 7
1$
#9780000
0$
#9790000
b100110 7
b1010101 2
1$
#9800000
0$
#9810000
b1010110 2
b100111 7
1$
#9820000
0$
#9830000
b101000 7
b1010111 2
1$
#9840000
0$
#9850000
b1011000 2
b101001 7
1$
#9860000
0$
#9870000
b101010 7
b1011001 2
1$
#9880000
0$
#9890000
b1011010 2
b101011 7
1$
#9900000
0$
#9910000
b101100 7
b1011011 2
1$
#9920000
0$
#9930000
b1011100 2
b101101 7
1$
#9940000
0$
#9950000
b101110 7
b1011101 2
1$
#9960000
0$
#9970000
b1011110 2
b101111 7
1$
#9980000
0$
#9990000
b110000 7
b1011111 2
1$
#10000000
0$
#10010000
b1100000 2
b110001 7
1$
#10020000
0$
#10030000
0#
b0 7
b1100001 2
1$
#10040000
0$
#10050000
b1100010 2
b1 7
1$
#10060000
0$
#10070000
b10 7
b1100011 2
1$
#10080000
0$
#10090000
b101 1
1)
b10100000 3
b0 2
b11 7
1$
#10100000
0$
#10110000
b100 7
b1 2
1$
#10120000
0$
#10130000
b10 2
b101 7
1$
#10140000
0$
#10150000
b110 7
b11 2
1$
#10160000
0$
#10170000
b100 2
b111 7
1$
#10180000
0$
#10190000
b1000 7
b101 2
1$
#10200000
0$
#10210000
b110 2
b1001 7
1$
#10220000
0$
#10230000
b1010 7
b111 2
1$
#10240000
0$
#10250000
b1000 2
b1011 7
1$
#10260000
0$
#10270000
b1100 7
b1001 2
1$
#10280000
0$
#10290000
b1010 2
b1101 7
1$
#10300000
0$
#10310000
b1110 7
b1011 2
1$
#10320000
0$
#10330000
b1100 2
b1111 7
1$
#10340000
0$
#10350000
b10000 7
b1101 2
1$
#10360000
0$
#10370000
b1110 2
b10001 7
1$
#10380000
0$
#10390000
b10010 7
b1111 2
1$
#10400000
0$
#10410000
b10000 2
b10011 7
1$
#10420000
0$
#10430000
b10100 7
b10001 2
1$
#10440000
0$
#10450000
b10010 2
b10101 7
1$
#10460000
0$
#10470000
b10110 7
b10011 2
1$
#10480000
0$
#10490000
b10100 2
b10111 7
1$
#10500000
0$
#10510000
b11000 7
b10101 2
1$
#10520000
0$
#10530000
b10110 2
1#
b0 7
1$
#10540000
0$
#10550000
b1 7
b10111 2
1$
#10560000
0$
#10570000
b11000 2
b10 7
1$
#10580000
0$
#10590000
b11 7
b11001 2
1$
#10600000
0$
#10610000
b11010 2
b100 7
1$
#10620000
0$
#10630000
b101 7
b11011 2
1$
#10640000
0$
#10650000
b11100 2
b110 7
1$
#10660000
0$
#10670000
b111 7
b11101 2
1$
#10680000
0$
#10690000
b11110 2
b1000 7
1$
#10700000
0$
#10710000
b1001 7
b11111 2
1$
#10720000
0$
#10730000
b100000 2
b1010 7
1$
#10740000
0$
#10750000
b1011 7
b100001 2
1$
#10760000
0$
#10770000
b100010 2
b1100 7
1$
#10780000
0$
#10790000
b1101 7
b100011 2
1$
#10800000
0$
#10810000
b100100 2
b1110 7
1$
#10820000
0$
#10830000
b1111 7
b100101 2
1$
#10840000
0$
#10850000
b100110 2
b10000 7
1$
#10860000
0$
#10870000
b10001 7
b100111 2
1$
#10880000
0$
#10890000
b101000 2
b10010 7
1$
#10900000
0$
#10910000
b10011 7
b101001 2
1$
#10920000
0$
#10930000
b101010 2
b10100 7
1$
#10940000
0$
#10950000
b10101 7
b101011 2
1$
#10960000
0$
#10970000
b101100 2
b10110 7
1$
#10980000
0$
#10990000
b10111 7
b101101 2
1$
#11000000
0$
#11010000
b101110 2
b11000 7
1$
#11020000
0$
#11030000
0#
b0 7
b101111 2
1$
#11040000
0$
#11050000
b110000 2
b1 7
1$
#11060000
0$
#11070000
b10 7
b110001 2
1$
#11080000
0$
#11090000
b110010 2
b11 7
1$
#11100000
0$
#11110000
b100 7
b110011 2
1$
#11120000
0$
#11130000
b110100 2
b101 7
1$
#11140000
0$
#11150000
b110 7
b110101 2
1$
#11160000
0$
#11170000
b110110 2
b111 7
1$
#11180000
0$
#11190000
b1000 7
b110111 2
1$
#11200000
0$
#11210000
b111000 2
b1001 7
1$
#11220000
0$
#11230000
b1010 7
b111001 2
1$
#11240000
0$
#11250000
b111010 2
b1011 7
1$
#11260000
0$
#11270000
b1100 7
b111011 2
1$
#11280000
0$
#11290000
b111100 2
b1101 7
1$
#11300000
0$
#11310000
b1110 7
b111101 2
1$
#11320000
0$
#11330000
b111110 2
b1111 7
1$
#11340000
0$
#11350000
b10000 7
b111111 2
1$
#11360000
0$
#11370000
b1000000 2
b10001 7
1$
#11380000
0$
#11390000
b10010 7
b1000001 2
1$
#11400000
0$
#11410000
b1000010 2
b10011 7
1$
#11420000
0$
#11430000
b10100 7
b1000011 2
1$
#11440000
0$
#11450000
b1000100 2
b10101 7
1$
#11460000
0$
#11470000
b10110 7
b1000101 2
1$
#11480000
0$
#11490000
b1000110 2
b10111 7
1$
#11500000
0$
#11510000
b11000 7
b1000111 2
1$
#11520000
0$
#11530000
b1001000 2
1#
b0 7
1$
#11540000
0$
#11550000
b1 7
b1001001 2
1$
#11560000
0$
#11570000
b1001010 2
b10 7
1$
#11580000
0$
#11590000
b11 7
b1001011 2
1$
#11600000
0$
#11610000
b1001100 2
b100 7
1$
#11620000
0$
#11630000
b101 7
b1001101 2
1$
#11640000
0$
#11650000
b1001110 2
b110 7
1$
#11660000
0$
#11670000
b111 7
b1001111 2
1$
#11680000
0$
#11690000
b1010000 2
b1000 7
1$
#11700000
0$
#11710000
b1001 7
b1010001 2
1$
#11720000
0$
#11730000
b1010010 2
b1010 7
1$
#11740000
0$
#11750000
b1011 7
b1010011 2
1$
#11760000
0$
#11770000
b1010100 2
b1100 7
1$
#11780000
0$
#11790000
b1101 7
b1010101 2
1$
#11800000
0$
#11810000
b1010110 2
b1110 7
1$
#11820000
0$
#11830000
b1111 7
b1010111 2
1$
#11840000
0$
#11850000
b1011000 2
b10000 7
1$
#11860000
0$
#11870000
b10001 7
b1011001 2
1$
#11880000
0$
#11890000
b1011010 2
b10010 7
1$
#11900000
0$
#11910000
b10011 7
b1011011 2
1$
#11920000
0$
#11930000
b1011100 2
b10100 7
1$
#11940000
0$
#11950000
b10101 7
b1011101 2
1$
#11960000
0$
#11970000
b1011110 2
b10110 7
1$
#11980000
0$
#11990000
b10111 7
b1011111 2
1$
#12000000
0$
#12010000
b1100000 2
b11000 7
1$
#12020000
0$
#12030000
0#
b0 7
b1100001 2
1$
#12040000
0$
#12050000
b1100010 2
b1 7
1$
#12060000
0$
#12070000
b10 7
b1100011 2
1$
#12080000
0$
#12090000
b110 1
0)
b1000000 3
b0 2
b11 7
1$
#12100000
0$
#12110000
b100 7
b1 2
1$
#12120000
0$
#12130000
b10 2
b101 7
1$
#12140000
0$
#12150000
b110 7
b11 2
1$
#12160000
0$
#12170000
b100 2
b111 7
1$
#12180000
0$
#12190000
b1000 7
b101 2
1$
#12200000
0$
#12210000
b110 2
b1001 7
1$
#12220000
0$
#12230000
b1010 7
b111 2
1$
#12240000
0$
#12250000
b1000 2
b1011 7
1$
#12260000
0$
#12270000
b1100 7
b1001 2
1$
#12280000
0$
#12290000
b1010 2
b1101 7
1$
#12300000
0$
#12310000
b1110 7
b1011 2
1$
#12320000
0$
#12330000
b1100 2
b1111 7
1$
#12340000
0$
#12350000
b10000 7
b1101 2
1$
#12360000
0$
#12370000
b1110 2
b10001 7
1$
#12380000
0$
#12390000
b10010 7
b1111 2
1$
#12400000
0$
#12410000
b10000 2
b10011 7
1$
#12420000
0$
#12430000
b10100 7
b10001 2
1$
#12440000
0$
#12450000
b10010 2
b10101 7
1$
#12460000
0$
#12470000
b10110 7
b10011 2
1$
#12480000
0$
#12490000
b10100 2
b10111 7
1$
#12500000
0$
#12510000
b11000 7
b10101 2
1$
#12520000
0$
#12530000
b10110 2
b11001 7
1$
#12540000
0$
#12550000
b11010 7
b10111 2
1$
#12560000
0$
#12570000
b11000 2
b11011 7
1$
#12580000
0$
#12590000
b11100 7
b11001 2
1$
#12600000
0$
#12610000
b11010 2
b11101 7
1$
#12620000
0$
#12630000
b11110 7
b11011 2
1$
#12640000
0$
#12650000
b11100 2
b11111 7
1$
#12660000
0$
#12670000
b100000 7
b11101 2
1$
#12680000
0$
#12690000
b11110 2
b100001 7
1$
#12700000
0$
#12710000
b100010 7
b11111 2
1$
#12720000
0$
#12730000
b100000 2
b100011 7
1$
#12740000
0$
#12750000
b100100 7
b100001 2
1$
#12760000
0$
#12770000
b100010 2
b100101 7
1$
#12780000
0$
#12790000
b100110 7
b100011 2
1$
#12800000
0$
#12810000
b100100 2
b100111 7
1$
#12820000
0$
#12830000
b101000 7
b100101 2
1$
#12840000
0$
#12850000
b100110 2
b101001 7
1$
#12860000
0$
#12870000
b101010 7
b100111 2
1$
#12880000
0$
#12890000
b101000 2
b101011 7
1$
#12900000
0$
#12910000
b101100 7
b101001 2
1$
#12920000
0$
#12930000
b101010 2
b101101 7
1$
#12940000
0$
#12950000
b101110 7
b101011 2
1$
#12960000
0$
#12970000
b101100 2
b101111 7
1$
#12980000
0$
#12990000
b110000 7
b101101 2
1$
#13000000
0$
#13010000
b101110 2
b110001 7
1$
#13020000
0$
#13030000
1#
b0 7
b101111 2
1$
#13040000
0$
#13050000
b110000 2
b1 7
1$
#13060000
0$
#13070000
b10 7
b110001 2
1$
#13080000
0$
#13090000
b110010 2
b11 7
1$
#13100000
0$
#13110000
b100 7
b110011 2
1$
#13120000
0$
#13130000
b110100 2
b101 7
1$
#13140000
0$
#13150000
b110 7
b110101 2
1$
#13160000
0$
#13170000
b110110 2
b111 7
1$
#13180000
0$
#13190000
b1000 7
b110111 2
1$
#13200000
0$
#13210000
b111000 2
b1001 7
1$
#13220000
0$
#13230000
b1010 7
b111001 2
1$
#13240000
0$
#13250000
b111010 2
b1011 7
1$
#13260000
0$
#13270000
b1100 7
b111011 2
1$
#13280000
0$
#13290000
b111100 2
b1101 7
1$
#13300000
0$
#13310000
b1110 7
b111101 2
1$
#13320000
0$
#13330000
b111110 2
b1111 7
1$
#13340000
0$
#13350000
b10000 7
b111111 2
1$
#13360000
0$
#13370000
b1000000 2
b10001 7
1$
#13380000
0$
#13390000
b10010 7
b1000001 2
1$
#13400000
0$
#13410000
b1000010 2
b10011 7
1$
#13420000
0$
#13430000
b10100 7
b1000011 2
1$
#13440000
0$
#13450000
b1000100 2
b10101 7
1$
#13460000
0$
#13470000
b10110 7
b1000101 2
1$
#13480000
0$
#13490000
b1000110 2
b10111 7
1$
#13500000
0$
#13510000
b11000 7
b1000111 2
1$
#13520000
0$
#13530000
b1001000 2
b11001 7
1$
#13540000
0$
#13550000
b11010 7
b1001001 2
1$
#13560000
0$
#13570000
b1001010 2
b11011 7
1$
#13580000
0$
#13590000
b11100 7
b1001011 2
1$
#13600000
0$
#13610000
b1001100 2
b11101 7
1$
#13620000
0$
#13630000
b11110 7
b1001101 2
1$
#13640000
0$
#13650000
b1001110 2
b11111 7
1$
#13660000
0$
#13670000
b100000 7
b1001111 2
1$
#13680000
0$
#13690000
b1010000 2
b100001 7
1$
#13700000
0$
#13710000
b100010 7
b1010001 2
1$
#13720000
0$
#13730000
b1010010 2
b100011 7
1$
#13740000
0$
#13750000
b100100 7
b1010011 2
1$
#13760000
0$
#13770000
b1010100 2
b100101 7
1$
#13780000
0$
#13790000
b100110 7
b1010101 2
1$
#13800000
0$
#13810000
b1010110 2
b100111 7
1$
#13820000
0$
#13830000
b101000 7
b1010111 2
1$
#13840000
0$
#13850000
b1011000 2
b101001 7
1$
#13860000
0$
#13870000
b101010 7
b1011001 2
1$
#13880000
0$
#13890000
b1011010 2
b101011 7
1$
#13900000
0$
#13910000
b101100 7
b1011011 2
1$
#13920000
0$
#13930000
b1011100 2
b101101 7
1$
#13940000
0$
#13950000
b101110 7
b1011101 2
1$
#13960000
0$
#13970000
b1011110 2
b101111 7
1$
#13980000
0$
#13990000
b110000 7
b1011111 2
1$
#14000000
0$
#14010000
b1100000 2
b110001 7
1$
#14020000
0$
#14030000
0#
b0 7
b1100001 2
1$
#14040000
0$
#14050000
b1100010 2
b1 7
1$
#14060000
0$
#14070000
b10 7
b1100011 2
1$
#14080000
0$
#14090000
b111 1
1)
b10000000 3
b0 2
b11 7
1$
#14100000
0$
#14110000
b100 7
b1 2
1$
#14120000
0$
#14130000
b10 2
b101 7
1$
#14140000
0$
#14150000
b110 7
b11 2
1$
#14160000
0$
#14170000
b100 2
b111 7
1$
#14180000
0$
#14190000
b1000 7
b101 2
1$
#14200000
0$
#14210000
b110 2
b1001 7
1$
#14220000
0$
#14230000
b1010 7
b111 2
1$
#14240000
0$
#14250000
b1000 2
b1011 7
1$
#14260000
0$
#14270000
b1100 7
b1001 2
1$
#14280000
0$
#14290000
b1010 2
b1101 7
1$
#14300000
0$
#14310000
b1110 7
b1011 2
1$
#14320000
0$
#14330000
b1100 2
b1111 7
1$
#14340000
0$
#14350000
b10000 7
b1101 2
1$
#14360000
0$
#14370000
b1110 2
b10001 7
1$
#14380000
0$
#14390000
b10010 7
b1111 2
1$
#14400000
0$
#14410000
b10000 2
b10011 7
1$
#14420000
0$
#14430000
b10100 7
b10001 2
1$
#14440000
0$
#14450000
b10010 2
b10101 7
1$
#14460000
0$
#14470000
b10110 7
b10011 2
1$
#14480000
0$
#14490000
b10100 2
b10111 7
1$
#14500000
0$
#14510000
b11000 7
b10101 2
1$
#14520000
0$
#14530000
b10110 2
1#
b0 7
1$
#14540000
0$
#14550000
b1 7
b10111 2
1$
#14560000
0$
#14570000
b11000 2
b10 7
1$
#14580000
0$
#14590000
b11 7
b11001 2
1$
#14600000
0$
#14610000
b11010 2
b100 7
1$
#14620000
0$
#14630000
b101 7
b11011 2
1$
#14640000
0$
#14650000
b11100 2
b110 7
1$
#14660000
0$
#14670000
b111 7
b11101 2
1$
#14680000
0$
#14690000
b11110 2
b1000 7
1$
#14700000
0$
#14710000
b1001 7
b11111 2
1$
#14720000
0$
#14730000
b100000 2
b1010 7
1$
#14740000
0$
#14750000
b1011 7
b100001 2
1$
#14760000
0$
#14770000
b100010 2
b1100 7
1$
#14780000
0$
#14790000
b1101 7
b100011 2
1$
#14800000
0$
#14810000
b100100 2
b1110 7
1$
#14820000
0$
#14830000
b1111 7
b100101 2
1$
#14840000
0$
#14850000
b100110 2
b10000 7
1$
#14860000
0$
#14870000
b10001 7
b100111 2
1$
#14880000
0$
#14890000
b101000 2
b10010 7
1$
#14900000
0$
#14910000
b10011 7
b101001 2
1$
#14920000
0$
#14930000
b101010 2
b10100 7
1$
#14940000
0$
#14950000
b10101 7
b101011 2
1$
#14960000
0$
#14970000
b101100 2
b10110 7
1$
#14980000
0$
#14990000
b10111 7
b101101 2
1$
#15000000
0$
#15010000
b101110 2
b11000 7
1$
#15020000
0$
#15030000
0#
b0 7
b101111 2
1$
#15040000
0$
#15050000
b110000 2
b1 7
1$
#15060000
0$
#15070000
b10 7
b110001 2
1$
#15080000
0$
#15090000
b110010 2
b11 7
1$
#15100000
0$
#15110000
b100 7
b110011 2
1$
#15120000
0$
#15130000
b110100 2
b101 7
1$
#15140000
0$
#15150000
b110 7
b110101 2
1$
#15160000
0$
#15170000
b110110 2
b111 7
1$
#15180000
0$
#15190000
b1000 7
b110111 2
1$
#15200000
0$
#15210000
b111000 2
b1001 7
1$
#15220000
0$
#15230000
b1010 7
b111001 2
1$
#15240000
0$
#15250000
b111010 2
b1011 7
1$
#15260000
0$
#15270000
b1100 7
b111011 2
1$
#15280000
0$
#15290000
b111100 2
b1101 7
1$
#15300000
0$
#15310000
b1110 7
b111101 2
1$
#15320000
0$
#15330000
b111110 2
b1111 7
1$
#15340000
0$
#15350000
b10000 7
b111111 2
1$
#15360000
0$
#15370000
b1000000 2
b10001 7
1$
#15380000
0$
#15390000
b10010 7
b1000001 2
1$
#15400000
0$
#15410000
b1000010 2
b10011 7
1$
#15420000
0$
#15430000
b10100 7
b1000011 2
1$
#15440000
0$
#15450000
b1000100 2
b10101 7
1$
#15460000
0$
#15470000
b10110 7
b1000101 2
1$
#15480000
0$
#15490000
b1000110 2
b10111 7
1$
#15500000
0$
#15510000
b11000 7
b1000111 2
1$
#15520000
0$
#15530000
b1001000 2
1#
b0 7
1$
#15540000
0$
#15550000
b1 7
b1001001 2
1$
#15560000
0$
#15570000
b1001010 2
b10 7
1$
#15580000
0$
#15590000
b11 7
b1001011 2
1$
#15600000
0$
#15610000
b1001100 2
b100 7
1$
#15620000
0$
#15630000
b101 7
b1001101 2
1$
#15640000
0$
#15650000
b1001110 2
b110 7
1$
#15660000
0$
#15670000
b111 7
b1001111 2
1$
#15680000
0$
#15690000
b1010000 2
b1000 7
1$
#15700000
0$
#15710000
b1001 7
b1010001 2
1$
#15720000
0$
#15730000
b1010010 2
b1010 7
1$
#15740000
0$
#15750000
b1011 7
b1010011 2
1$
#15760000
0$
#15770000
b1010100 2
b1100 7
1$
#15780000
0$
#15790000
b1101 7
b1010101 2
1$
#15800000
0$
#15810000
b1010110 2
b1110 7
1$
#15820000
0$
#15830000
b1111 7
b1010111 2
1$
#15840000
0$
#15850000
b1011000 2
b10000 7
1$
#15860000
0$
#15870000
b10001 7
b1011001 2
1$
#15880000
0$
#15890000
b1011010 2
b10010 7
1$
#15900000
0$
#15910000
b10011 7
b1011011 2
1$
#15920000
0$
#15930000
b1011100 2
b10100 7
1$
#15940000
0$
#15950000
b10101 7
b1011101 2
1$
#15960000
0$
#15970000
b1011110 2
b10110 7
1$
#15980000
0$
#15990000
b10111 7
b1011111 2
1$
#16000000
0$
#16010000
b1100000 2
b11000 7
1$
#16020000
0$
#16030000
0#
b0 7
b1100001 2
1$
#16040000
0$
#16050000
b1100010 2
b1 7
1$
#16060000
0$
#16070000
b10 7
b1100011 2
1$
#16080000
0$
#16090000
b0 1
0)
1!
0"
04
b0 2
b11 7
1$
#16100000
0$
#16110000
b100 7
0!
1$
#16120000
0$
#16130000
b101 7
1$
#16140000
0$
#16150000
b110 7
1$
#16160000
0$
#16170000
b111 7
1$
#16180000
0$
#16190000
b1000 7
1$
#16200000
0$
#16210000
b1001 7
1$
#16220000
0$
#16230000
b1010 7
1$
#16240000
0$
#16250000
b1011 7
1$
#16260000
0$
#16270000
b1100 7
1$
#16280000
0$
#16290000
b1101 7
1$
b11111111 8
#16300000
1%
b11111111 &
b11111111 (
b11111111 .
0$
#16310000
b1110 7
14
1"
1)
b11111111 3
1$
#16320000
0%
0$
#16330000
b1 2
b1111 7
1$
#16340000
0$
#16350000
b10000 7
b10 2
1$
#16360000
0$
#16370000
b11 2
b10001 7
1$
#16380000
0$
#16390000
b10010 7
b100 2
1$
#16400000
0$
#16410000
b101 2
b10011 7
1$
#16420000
0$
#16430000
b10100 7
b110 2
1$
#16440000
0$
#16450000
b111 2
b10101 7
1$
#16460000
0$
#16470000
b10110 7
b1000 2
1$
#16480000
0$
#16490000
b1001 2
b10111 7
1$
#16500000
0$
#16510000
b11000 7
b1010 2
1$
#16520000
0$
#16530000
b1011 2
1#
b0 7
1$
#16540000
0$
#16550000
b1 7
b1100 2
1$
#16560000
0$
#16570000
b1101 2
b10 7
1$
#16580000
0$
#16590000
b11 7
b1110 2
1$
#16600000
0$
#16610000
b1111 2
b100 7
1$
#16620000
0$
#16630000
b101 7
b10000 2
1$
#16640000
0$
#16650000
b10001 2
b110 7
1$
#16660000
0$
#16670000
b111 7
b10010 2
1$
#16680000
0$
#16690000
b10011 2
b1000 7
1$
#16700000
0$
#16710000
b1001 7
b10100 2
1$
#16720000
0$
#16730000
b10101 2
b1010 7
1$
#16740000
0$
#16750000
b1011 7
b10110 2
1$
#16760000
0$
#16770000
b10111 2
b1100 7
1$
#16780000
0$
#16790000
b1101 7
b11000 2
1$
#16800000
0$
#16810000
b11001 2
b1110 7
1$
#16820000
0$
#16830000
b1111 7
b11010 2
1$
#16840000
0$
#16850000
b11011 2
b10000 7
1$
#16860000
0$
#16870000
b10001 7
b11100 2
1$
#16880000
0$
#16890000
b11101 2
b10010 7
1$
#16900000
0$
#16910000
b10011 7
b11110 2
1$
#16920000
0$
#16930000
b11111 2
b10100 7
1$
#16940000
0$
#16950000
b10101 7
b100000 2
1$
#16960000
0$
#16970000
b100001 2
b10110 7
1$
#16980000
0$
#16990000
b10111 7
b100010 2
1$
#17000000
0$
#17010000
b100011 2
b11000 7
1$
#17020000
0$
#17030000
0#
b0 7
b100100 2
1$
#17040000
0$
#17050000
b100101 2
b1 7
1$
#17060000
0$
#17070000
b10 7
b100110 2
1$
#17080000
0$
#17090000
b100111 2
b11 7
1$
#17100000
0$
#17110000
b100 7
b101000 2
1$
#17120000
0$
#17130000
b101001 2
b101 7
1$
#17140000
0$
#17150000
b110 7
b101010 2
1$
#17160000
0$
#17170000
b101011 2
b111 7
1$
#17180000
0$
#17190000
b1000 7
b101100 2
1$
#17200000
0$
#17210000
b101101 2
b1001 7
1$
#17220000
0$
#17230000
b1010 7
b101110 2
1$
#17240000
0$
#17250000
b101111 2
b1011 7
1$
#17260000
0$
#17270000
b1100 7
b110000 2
1$
#17280000
0$
#17290000
b110001 2
b1101 7
1$
#17300000
0$
#17310000
b1110 7
b110010 2
1$
#17320000
0$
#17330000
b110011 2
b1111 7
1$
#17340000
0$
#17350000
b10000 7
b110100 2
1$
#17360000
0$
#17370000
b110101 2
b10001 7
1$
#17380000
0$
#17390000
b10010 7
b110110 2
1$
#17400000
0$
#17410000
b110111 2
b10011 7
1$
#17420000
0$
#17430000
b10100 7
b111000 2
1$
#17440000
0$
#17450000
b111001 2
b10101 7
1$
#17460000
0$
#17470000
b10110 7
b111010 2
1$
#17480000
0$
#17490000
b111011 2
b10111 7
1$
#17500000
0$
#17510000
b11000 7
b111100 2
1$
#17520000
0$
#17530000
b111101 2
1#
b0 7
1$
#17540000
0$
#17550000
b1 7
b111110 2
1$
#17560000
0$
#17570000
b111111 2
b10 7
1$
#17580000
0$
#17590000
b11 7
b1000000 2
1$
#17600000
0$
#17610000
b1000001 2
b100 7
1$
#17620000
0$
#17630000
b101 7
b1000010 2
1$
#17640000
0$
#17650000
b1000011 2
b110 7
1$
#17660000
0$
#17670000
b111 7
b1000100 2
1$
#17680000
0$
#17690000
b1000101 2
b1000 7
1$
#17700000
0$
#17710000
b1001 7
b1000110 2
1$
#17720000
0$
#17730000
b1000111 2
b1010 7
1$
#17740000
0$
#17750000
b1011 7
b1001000 2
1$
#17760000
0$
#17770000
b1001001 2
b1100 7
1$
#17780000
0$
#17790000
b1101 7
b1001010 2
1$
#17800000
0$
#17810000
b1001011 2
b1110 7
1$
#17820000
0$
#17830000
b1111 7
b1001100 2
1$
#17840000
0$
#17850000
b1001101 2
b10000 7
1$
#17860000
0$
#17870000
b10001 7
b1001110 2
1$
#17880000
0$
#17890000
b1001111 2
b10010 7
1$
#17900000
0$
#17910000
b10011 7
b1010000 2
1$
#17920000
0$
#17930000
b1010001 2
b10100 7
1$
#17940000
0$
#17950000
b10101 7
b1010010 2
1$
#17960000
0$
#17970000
b1010011 2
b10110 7
1$
#17980000
0$
#17990000
b10111 7
b1010100 2
1$
#18000000
0$
#18010000
b1010101 2
b11000 7
1$
#18020000
0$
#18030000
0#
b0 7
b1010110 2
1$
#18040000
0$
#18050000
b1010111 2
b1 7
1$
#18060000
0$
#18070000
b10 7
b1011000 2
1$
#18080000
0$
#18090000
b1011001 2
b11 7
1$
#18100000
0$
#18110000
b100 7
b1011010 2
1$
#18120000
0$
#18130000
b1011011 2
b101 7
1$
#18140000
0$
#18150000
b110 7
b1011100 2
1$
#18160000
0$
#18170000
b1011101 2
b111 7
1$
#18180000
0$
#18190000
b1000 7
b1011110 2
1$
#18200000
0$
#18210000
b1011111 2
b1001 7
1$
#18220000
0$
#18230000
b1010 7
b1100000 2
1$
#18240000
0$
#18250000
b1100001 2
b1011 7
1$
#18260000
0$
#18270000
b1100 7
b1100010 2
1$
#18280000
0$
#18290000
b1100011 2
b1101 7
1$
#18300000
0$
#18310000
b1110 7
b1 1
b11111110 3
b0 2
1$
#18320000
0$
#18330000
b1 2
b1111 7
1$
#18340000
0$
#18350000
b10000 7
b10 2
1$
#18360000
0$
#18370000
b11 2
b10001 7
1$
#18380000
0$
#18390000
b10010 7
b100 2
1$
#18400000
0$
#18410000
b101 2
b10011 7
1$
#18420000
0$
#18430000
b10100 7
b110 2
1$
#18440000
0$
#18450000
b111 2
b10101 7
1$
#18460000
0$
#18470000
b10110 7
b1000 2
1$
#18480000
0$
#18490000
b1001 2
b10111 7
1$
#18500000
0$
#18510000
b11000 7
b1010 2
1$
#18520000
0$
#18530000
b1011 2
1#
b0 7
1$
#18540000
0$
#18550000
b1 7
b1100 2
1$
#18560000
0$
#18570000
b1101 2
b10 7
1$
#18580000
0$
#18590000
b11 7
b1110 2
1$
#18600000
0$
#18610000
b1111 2
b100 7
1$
#18620000
0$
#18630000
b101 7
b10000 2
1$
#18640000
0$
#18650000
b10001 2
b110 7
1$
#18660000
0$
#18670000
b111 7
b10010 2
1$
#18680000
0$
#18690000
b10011 2
b1000 7
1$
#18700000
0$
#18710000
b1001 7
b10100 2
1$
#18720000
0$
#18730000
b10101 2
b1010 7
1$
#18740000
0$
#18750000
b1011 7
b10110 2
1$
#18760000
0$
#18770000
b10111 2
b1100 7
1$
#18780000
0$
#18790000
b1101 7
b11000 2
1$
#18800000
0$
#18810000
b11001 2
b1110 7
1$
#18820000
0$
#18830000
b1111 7
b11010 2
1$
#18840000
0$
#18850000
b11011 2
b10000 7
1$
#18860000
0$
#18870000
b10001 7
b11100 2
1$
#18880000
0$
#18890000
b11101 2
b10010 7
1$
#18900000
0$
#18910000
b10011 7
b11110 2
1$
#18920000
0$
#18930000
b11111 2
b10100 7
1$
#18940000
0$
#18950000
b10101 7
b100000 2
1$
#18960000
0$
#18970000
b100001 2
b10110 7
1$
#18980000
0$
#18990000
b10111 7
b100010 2
1$
#19000000
0$
#19010000
b100011 2
b11000 7
1$
#19020000
0$
#19030000
0#
b0 7
b100100 2
1$
#19040000
0$
#19050000
b100101 2
b1 7
1$
#19060000
0$
#19070000
b10 7
b100110 2
1$
#19080000
0$
#19090000
b100111 2
b11 7
1$
#19100000
0$
#19110000
b100 7
b101000 2
1$
#19120000
0$
#19130000
b101001 2
b101 7
1$
#19140000
0$
#19150000
b110 7
b101010 2
1$
#19160000
0$
#19170000
b101011 2
b111 7
1$
#19180000
0$
#19190000
b1000 7
b101100 2
1$
#19200000
0$
#19210000
b101101 2
b1001 7
1$
#19220000
0$
#19230000
b1010 7
b101110 2
1$
#19240000
0$
#19250000
b101111 2
b1011 7
1$
#19260000
0$
#19270000
b1100 7
b110000 2
1$
#19280000
0$
#19290000
b110001 2
b1101 7
1$
#19300000
0$
#19310000
b1110 7
b110010 2
1$
#19320000
0$
#19330000
b110011 2
b1111 7
1$
#19340000
0$
#19350000
b10000 7
b110100 2
1$
#19360000
0$
#19370000
b110101 2
b10001 7
1$
#19380000
0$
#19390000
b10010 7
b110110 2
1$
#19400000
0$
#19410000
b110111 2
b10011 7
1$
#19420000
0$
#19430000
b10100 7
b111000 2
1$
#19440000
0$
#19450000
b111001 2
b10101 7
1$
#19460000
0$
#19470000
b10110 7
b111010 2
1$
#19480000
0$
#19490000
b111011 2
b10111 7
1$
#19500000
0$
#19510000
b11000 7
b111100 2
1$
#19520000
0$
#19530000
b111101 2
1#
b0 7
1$
#19540000
0$
#19550000
b1 7
b111110 2
1$
#19560000
0$
#19570000
b111111 2
b10 7
1$
#19580000
0$
#19590000
b11 7
b1000000 2
1$
#19600000
0$
#19610000
b1000001 2
b100 7
1$
#19620000
0$
#19630000
b101 7
b1000010 2
1$
#19640000
0$
#19650000
b1000011 2
b110 7
1$
#19660000
0$
#19670000
b111 7
b1000100 2
1$
#19680000
0$
#19690000
b1000101 2
b1000 7
1$
#19700000
0$
#19710000
b1001 7
b1000110 2
1$
#19720000
0$
#19730000
b1000111 2
b1010 7
1$
#19740000
0$
#19750000
b1011 7
b1001000 2
1$
#19760000
0$
#19770000
b1001001 2
b1100 7
1$
#19780000
0$
#19790000
b1101 7
b1001010 2
1$
#19800000
0$
#19810000
b1001011 2
b1110 7
1$
#19820000
0$
#19830000
b1111 7
b1001100 2
1$
#19840000
0$
#19850000
b1001101 2
b10000 7
1$
#19860000
0$
#19870000
b10001 7
b1001110 2
1$
#19880000
0$
#19890000
b1001111 2
b10010 7
1$
#19900000
0$
#19910000
b10011 7
b1010000 2
1$
#19920000
0$
#19930000
b1010001 2
b10100 7
1$
#19940000
0$
#19950000
b10101 7
b1010010 2
1$
#19960000
0$
#19970000
b1010011 2
b10110 7
1$
#19980000
0$
#19990000
b10111 7
b1010100 2
1$
#20000000
0$
#20010000
b1010101 2
b11000 7
1$
#20020000
0$
#20030000
0#
b0 7
b1010110 2
1$
#20040000
0$
#20050000
b1010111 2
b1 7
1$
#20060000
0$
#20070000
b10 7
b1011000 2
1$
#20080000
0$
#20090000
b1011001 2
b11 7
1$
#20100000
0$
#20110000
b100 7
b1011010 2
1$
#20120000
0$
#20130000
b1011011 2
b101 7
1$
#20140000
0$
#20150000
b110 7
b1011100 2
1$
#20160000
0$
#20170000
b1011101 2
b111 7
1$
#20180000
0$
#20190000
b1000 7
b1011110 2
1$
#20200000
0$
#20210000
b1011111 2
b1001 7
1$
#20220000
0$
#20230000
b1010 7
b1100000 2
1$
#20240000
0$
#20250000
b1100001 2
b1011 7
1$
#20260000
0$
#20270000
b1100 7
b1100010 2
1$
#20280000
0$
#20290000
b1100011 2
b1101 7
1$
#20300000
0$
#20310000
b1110 7
b10 1
b11111100 3
b0 2
1$
#20320000
0$
#20330000
b1 2
b1111 7
1$
#20340000
0$
#20350000
b10000 7
b10 2
1$
#20360000
0$
#20370000
b11 2
b10001 7
1$
#20380000
0$
#20390000
b10010 7
b100 2
1$
#20400000
0$
#20410000
b101 2
b10011 7
1$
#20420000
0$
#20430000
b10100 7
b110 2
1$
#20440000
0$
#20450000
b111 2
b10101 7
1$
#20460000
0$
#20470000
b10110 7
b1000 2
1$
#20480000
0$
#20490000
b1001 2
b10111 7
1$
#20500000
0$
#20510000
b11000 7
b1010 2
1$
#20520000
0$
#20530000
b1011 2
1#
b0 7
1$
#20540000
0$
#20550000
b1 7
b1100 2
1$
#20560000
0$
#20570000
b1101 2
b10 7
1$
#20580000
0$
#20590000
b11 7
b1110 2
1$
#20600000
0$
#20610000
b1111 2
b100 7
1$
#20620000
0$
#20630000
b101 7
b10000 2
1$
#20640000
0$
#20650000
b10001 2
b110 7
1$
#20660000
0$
#20670000
b111 7
b10010 2
1$
#20680000
0$
#20690000
b10011 2
b1000 7
1$
#20700000
0$
#20710000
b1001 7
b10100 2
1$
#20720000
0$
#20730000
b10101 2
b1010 7
1$
#20740000
0$
#20750000
b1011 7
b10110 2
1$
#20760000
0$
#20770000
b10111 2
b1100 7
1$
#20780000
0$
#20790000
b1101 7
b11000 2
1$
#20800000
0$
#20810000
b11001 2
b1110 7
1$
#20820000
0$
#20830000
b1111 7
b11010 2
1$
#20840000
0$
#20850000
b11011 2
b10000 7
1$
#20860000
0$
#20870000
b10001 7
b11100 2
1$
#20880000
0$
#20890000
b11101 2
b10010 7
1$
#20900000
0$
#20910000
b10011 7
b11110 2
1$
#20920000
0$
#20930000
b11111 2
b10100 7
1$
#20940000
0$
#20950000
b10101 7
b100000 2
1$
#20960000
0$
#20970000
b100001 2
b10110 7
1$
#20980000
0$
#20990000
b10111 7
b100010 2
1$
#21000000
0$
#21010000
b100011 2
b11000 7
1$
#21020000
0$
#21030000
0#
b0 7
b100100 2
1$
#21040000
0$
#21050000
b100101 2
b1 7
1$
#21060000
0$
#21070000
b10 7
b100110 2
1$
#21080000
0$
#21090000
b100111 2
b11 7
1$
#21100000
0$
#21110000
b100 7
b101000 2
1$
#21120000
0$
#21130000
b101001 2
b101 7
1$
#21140000
0$
#21150000
b110 7
b101010 2
1$
#21160000
0$
#21170000
b101011 2
b111 7
1$
#21180000
0$
#21190000
b1000 7
b101100 2
1$
#21200000
0$
#21210000
b101101 2
b1001 7
1$
#21220000
0$
#21230000
b1010 7
b101110 2
1$
#21240000
0$
#21250000
b101111 2
b1011 7
1$
#21260000
0$
#21270000
b1100 7
b110000 2
1$
#21280000
0$
#21290000
b110001 2
b1101 7
1$
#21300000
0$
#21310000
b1110 7
b110010 2
1$
#21320000
0$
#21330000
b110011 2
b1111 7
1$
#21340000
0$
#21350000
b10000 7
b110100 2
1$
#21360000
0$
#21370000
b110101 2
b10001 7
1$
#21380000
0$
#21390000
b10010 7
b110110 2
1$
#21400000
0$
#21410000
b110111 2
b10011 7
1$
#21420000
0$
#21430000
b10100 7
b111000 2
1$
#21440000
0$
#21450000
b111001 2
b10101 7
1$
#21460000
0$
#21470000
b10110 7
b111010 2
1$
#21480000
0$
#21490000
b111011 2
b10111 7
1$
#21500000
0$
#21510000
b11000 7
b111100 2
1$
#21520000
0$
#21530000
b111101 2
1#
b0 7
1$
#21540000
0$
#21550000
b1 7
b111110 2
1$
#21560000
0$
#21570000
b111111 2
b10 7
1$
#21580000
0$
#21590000
b11 7
b1000000 2
1$
#21600000
0$
#21610000
b1000001 2
b100 7
1$
#21620000
0$
#21630000
b101 7
b1000010 2
1$
#21640000
0$
#21650000
b1000011 2
b110 7
1$
#21660000
0$
#21670000
b111 7
b1000100 2
1$
#21680000
0$
#21690000
b1000101 2
b1000 7
1$
#21700000
0$
#21710000
b1001 7
b1000110 2
1$
#21720000
0$
#21730000
b1000111 2
b1010 7
1$
#21740000
0$
#21750000
b1011 7
b1001000 2
1$
#21760000
0$
#21770000
b1001001 2
b1100 7
1$
#21780000
0$
#21790000
b1101 7
b1001010 2
1$
#21800000
0$
#21810000
b1001011 2
b1110 7
1$
#21820000
0$
#21830000
b1111 7
b1001100 2
1$
#21840000
0$
#21850000
b1001101 2
b10000 7
1$
#21860000
0$
#21870000
b10001 7
b1001110 2
1$
#21880000
0$
#21890000
b1001111 2
b10010 7
1$
#21900000
0$
#21910000
b10011 7
b1010000 2
1$
#21920000
0$
#21930000
b1010001 2
b10100 7
1$
#21940000
0$
#21950000
b10101 7
b1010010 2
1$
#21960000
0$
#21970000
b1010011 2
b10110 7
1$
#21980000
0$
#21990000
b10111 7
b1010100 2
1$
#22000000
0$
#22010000
b1010101 2
b11000 7
1$
#22020000
0$
#22030000
0#
b0 7
b1010110 2
1$
#22040000
0$
#22050000
b1010111 2
b1 7
1$
#22060000
0$
#22070000
b10 7
b1011000 2
1$
#22080000
0$
#22090000
b1011001 2
b11 7
1$
#22100000
0$
#22110000
b100 7
b1011010 2
1$
#22120000
0$
#22130000
b1011011 2
b101 7
1$
#22140000
0$
#22150000
b110 7
b1011100 2
1$
#22160000
0$
#22170000
b1011101 2
b111 7
1$
#22180000
0$
#22190000
b1000 7
b1011110 2
1$
#22200000
0$
#22210000
b1011111 2
b1001 7
1$
#22220000
0$
#22230000
b1010 7
b1100000 2
1$
#22240000
0$
#22250000
b1100001 2
b1011 7
1$
#22260000
0$
#22270000
b1100 7
b1100010 2
1$
#22280000
0$
#22290000
b1100011 2
b1101 7
1$
#22300000
0$
#22310000
b1110 7
b11 1
b11111000 3
b0 2
1$
#22320000
0$
#22330000
b1 2
b1111 7
1$
#22340000
0$
#22350000
b10000 7
b10 2
1$
#22360000
0$
#22370000
b11 2
b10001 7
1$
#22380000
0$
#22390000
b10010 7
b100 2
1$
#22400000
0$
#22410000
b101 2
b10011 7
1$
#22420000
0$
#22430000
b10100 7
b110 2
1$
#22440000
0$
#22450000
b111 2
b10101 7
1$
#22460000
0$
#22470000
b10110 7
b1000 2
1$
#22480000
0$
#22490000
b1001 2
b10111 7
1$
#22500000
0$
#22510000
b11000 7
b1010 2
1$
#22520000
0$
#22530000
b1011 2
1#
b0 7
1$
#22540000
0$
#22550000
b1 7
b1100 2
1$
#22560000
0$
#22570000
b1101 2
b10 7
1$
#22580000
0$
#22590000
b11 7
b1110 2
1$
#22600000
0$
#22610000
b1111 2
b100 7
1$
#22620000
0$
#22630000
b101 7
b10000 2
1$
#22640000
0$
#22650000
b10001 2
b110 7
1$
#22660000
0$
#22670000
b111 7
b10010 2
1$
#22680000
0$
#22690000
b10011 2
b1000 7
1$
#22700000
0$
#22710000
b1001 7
b10100 2
1$
#22720000
0$
#22730000
b10101 2
b1010 7
1$
#22740000
0$
#22750000
b1011 7
b10110 2
1$
#22760000
0$
#22770000
b10111 2
b1100 7
1$
#22780000
0$
#22790000
b1101 7
b11000 2
1$
#22800000
0$
#22810000
b11001 2
b1110 7
1$
#22820000
0$
#22830000
b1111 7
b11010 2
1$
#22840000
0$
#22850000
b11011 2
b10000 7
1$
#22860000
0$
#22870000
b10001 7
b11100 2
1$
#22880000
0$
#22890000
b11101 2
b10010 7
1$
#22900000
0$
#22910000
b10011 7
b11110 2
1$
#22920000
0$
#22930000
b11111 2
b10100 7
1$
#22940000
0$
#22950000
b10101 7
b100000 2
1$
#22960000
0$
#22970000
b100001 2
b10110 7
1$
#22980000
0$
#22990000
b10111 7
b100010 2
1$
#23000000
0$
#23010000
b100011 2
b11000 7
1$
#23020000
0$
#23030000
0#
b0 7
b100100 2
1$
#23040000
0$
#23050000
b100101 2
b1 7
1$
#23060000
0$
#23070000
b10 7
b100110 2
1$
#23080000
0$
#23090000
b100111 2
b11 7
1$
#23100000
0$
#23110000
b100 7
b101000 2
1$
#23120000
0$
#23130000
b101001 2
b101 7
1$
#23140000
0$
#23150000
b110 7
b101010 2
1$
#23160000
0$
#23170000
b101011 2
b111 7
1$
#23180000
0$
#23190000
b1000 7
b101100 2
1$
#23200000
0$
#23210000
b101101 2
b1001 7
1$
#23220000
0$
#23230000
b1010 7
b101110 2
1$
#23240000
0$
#23250000
b101111 2
b1011 7
1$
#23260000
0$
#23270000
b1100 7
b110000 2
1$
#23280000
0$
#23290000
b110001 2
b1101 7
1$
#23300000
0$
#23310000
b1110 7
b110010 2
1$
#23320000
0$
#23330000
b110011 2
b1111 7
1$
#23340000
0$
#23350000
b10000 7
b110100 2
1$
#23360000
0$
#23370000
b110101 2
b10001 7
1$
#23380000
0$
#23390000
b10010 7
b110110 2
1$
#23400000
0$
#23410000
b110111 2
b10011 7
1$
#23420000
0$
#23430000
b10100 7
b111000 2
1$
#23440000
0$
#23450000
b111001 2
b10101 7
1$
#23460000
0$
#23470000
b10110 7
b111010 2
1$
#23480000
0$
#23490000
b111011 2
b10111 7
1$
#23500000
0$
#23510000
b11000 7
b111100 2
1$
#23520000
0$
#23530000
b111101 2
1#
b0 7
1$
#23540000
0$
#23550000
b1 7
b111110 2
1$
#23560000
0$
#23570000
b111111 2
b10 7
1$
#23580000
0$
#23590000
b11 7
b1000000 2
1$
#23600000
0$
#23610000
b1000001 2
b100 7
1$
#23620000
0$
#23630000
b101 7
b1000010 2
1$
#23640000
0$
#23650000
b1000011 2
b110 7
1$
#23660000
0$
#23670000
b111 7
b1000100 2
1$
#23680000
0$
#23690000
b1000101 2
b1000 7
1$
#23700000
0$
#23710000
b1001 7
b1000110 2
1$
#23720000
0$
#23730000
b1000111 2
b1010 7
1$
#23740000
0$
#23750000
b1011 7
b1001000 2
1$
#23760000
0$
#23770000
b1001001 2
b1100 7
1$
#23780000
0$
#23790000
b1101 7
b1001010 2
1$
#23800000
0$
#23810000
b1001011 2
b1110 7
1$
#23820000
0$
#23830000
b1111 7
b1001100 2
1$
#23840000
0$
#23850000
b1001101 2
b10000 7
1$
#23860000
0$
#23870000
b10001 7
b1001110 2
1$
#23880000
0$
#23890000
b1001111 2
b10010 7
1$
#23900000
0$
#23910000
b10011 7
b1010000 2
1$
#23920000
0$
#23930000
b1010001 2
b10100 7
1$
#23940000
0$
#23950000
b10101 7
b1010010 2
1$
#23960000
0$
#23970000
b1010011 2
b10110 7
1$
#23980000
0$
#23990000
b10111 7
b1010100 2
1$
#24000000
0$
#24010000
b1010101 2
b11000 7
1$
#24020000
0$
#24030000
0#
b0 7
b1010110 2
1$
#24040000
0$
#24050000
b1010111 2
b1 7
1$
#24060000
0$
#24070000
b10 7
b1011000 2
1$
#24080000
0$
#24090000
b1011001 2
b11 7
1$
#24100000
0$
#24110000
b100 7
b1011010 2
1$
#24120000
0$
#24130000
b1011011 2
b101 7
1$
#24140000
0$
#24150000
b110 7
b1011100 2
1$
#24160000
0$
#24170000
b1011101 2
b111 7
1$
#24180000
0$
#24190000
b1000 7
b1011110 2
1$
#24200000
0$
#24210000
b1011111 2
b1001 7
1$
#24220000
0$
#24230000
b1010 7
b1100000 2
1$
#24240000
0$
#24250000
b1100001 2
b1011 7
1$
#24260000
0$
#24270000
b1100 7
b1100010 2
1$
#24280000
0$
#24290000
b1100011 2
b1101 7
1$
#24300000
0$
#24310000
b1110 7
b100 1
b11110000 3
b0 2
1$
#24320000
0$
#24330000
b1 2
b1111 7
1$
#24340000
0$
#24350000
b10000 7
b10 2
1$
#24360000
0$
#24370000
b11 2
b10001 7
1$
#24380000
0$
#24390000
b10010 7
b100 2
1$
#24400000
0$
#24410000
b101 2
b10011 7
1$
#24420000
0$
#24430000
b10100 7
b110 2
1$
#24440000
0$
#24450000
b111 2
b10101 7
1$
#24460000
0$
#24470000
b10110 7
b1000 2
1$
#24480000
0$
#24490000
b1001 2
b10111 7
1$
#24500000
0$
#24510000
b11000 7
b1010 2
1$
#24520000
0$
#24530000
b1011 2
1#
b0 7
1$
#24540000
0$
#24550000
b1 7
b1100 2
1$
#24560000
0$
#24570000
b1101 2
b10 7
1$
#24580000
0$
#24590000
b11 7
b1110 2
1$
#24600000
0$
#24610000
b1111 2
b100 7
1$
#24620000
0$
#24630000
b101 7
b10000 2
1$
#24640000
0$
#24650000
b10001 2
b110 7
1$
#24660000
0$
#24670000
b111 7
b10010 2
1$
#24680000
0$
#24690000
b10011 2
b1000 7
1$
#24700000
0$
#24710000
b1001 7
b10100 2
1$
#24720000
0$
#24730000
b10101 2
b1010 7
1$
#24740000
0$
#24750000
b1011 7
b10110 2
1$
#24760000
0$
#24770000
b10111 2
b1100 7
1$
#24780000
0$
#24790000
b1101 7
b11000 2
1$
#24800000
0$
#24810000
b11001 2
b1110 7
1$
#24820000
0$
#24830000
b1111 7
b11010 2
1$
#24840000
0$
#24850000
b11011 2
b10000 7
1$
#24860000
0$
#24870000
b10001 7
b11100 2
1$
#24880000
0$
#24890000
b11101 2
b10010 7
1$
#24900000
0$
#24910000
b10011 7
b11110 2
1$
#24920000
0$
#24930000
b11111 2
b10100 7
1$
#24940000
0$
#24950000
b10101 7
b100000 2
1$
#24960000
0$
#24970000
b100001 2
b10110 7
1$
#24980000
0$
#24990000
b10111 7
b100010 2
1$
#25000000
0$
#25010000
b100011 2
b11000 7
1$
#25020000
0$
#25030000
0#
b0 7
b100100 2
1$
#25040000
0$
#25050000
b100101 2
b1 7
1$
#25060000
0$
#25070000
b10 7
b100110 2
1$
#25080000
0$
#25090000
b100111 2
b11 7
1$
#25100000
0$
#25110000
b100 7
b101000 2
1$
#25120000
0$
#25130000
b101001 2
b101 7
1$
#25140000
0$
#25150000
b110 7
b101010 2
1$
#25160000
0$
#25170000
b101011 2
b111 7
1$
#25180000
0$
#25190000
b1000 7
b101100 2
1$
#25200000
0$
#25210000
b101101 2
b1001 7
1$
#25220000
0$
#25230000
b1010 7
b101110 2
1$
#25240000
0$
#25250000
b101111 2
b1011 7
1$
#25260000
0$
#25270000
b1100 7
b110000 2
1$
#25280000
0$
#25290000
b110001 2
b1101 7
1$
#25300000
0$
#25310000
b1110 7
b110010 2
1$
#25320000
0$
#25330000
b110011 2
b1111 7
1$
#25340000
0$
#25350000
b10000 7
b110100 2
1$
#25360000
0$
#25370000
b110101 2
b10001 7
1$
#25380000
0$
#25390000
b10010 7
b110110 2
1$
#25400000
0$
#25410000
b110111 2
b10011 7
1$
#25420000
0$
#25430000
b10100 7
b111000 2
1$
#25440000
0$
#25450000
b111001 2
b10101 7
1$
#25460000
0$
#25470000
b10110 7
b111010 2
1$
#25480000
0$
#25490000
b111011 2
b10111 7
1$
#25500000
0$
#25510000
b11000 7
b111100 2
1$
#25520000
0$
#25530000
b111101 2
1#
b0 7
1$
#25540000
0$
#25550000
b1 7
b111110 2
1$
#25560000
0$
#25570000
b111111 2
b10 7
1$
#25580000
0$
#25590000
b11 7
b1000000 2
1$
#25600000
0$
#25610000
b1000001 2
b100 7
1$
#25620000
0$
#25630000
b101 7
b1000010 2
1$
#25640000
0$
#25650000
b1000011 2
b110 7
1$
#25660000
0$
#25670000
b111 7
b1000100 2
1$
#25680000
0$
#25690000
b1000101 2
b1000 7
1$
#25700000
0$
#25710000
b1001 7
b1000110 2
1$
#25720000
0$
#25730000
b1000111 2
b1010 7
1$
#25740000
0$
#25750000
b1011 7
b1001000 2
1$
#25760000
0$
#25770000
b1001001 2
b1100 7
1$
#25780000
0$
#25790000
b1101 7
b1001010 2
1$
#25800000
0$
#25810000
b1001011 2
b1110 7
1$
#25820000
0$
#25830000
b1111 7
b1001100 2
1$
#25840000
0$
#25850000
b1001101 2
b10000 7
1$
#25860000
0$
#25870000
b10001 7
b1001110 2
1$
#25880000
0$
#25890000
b1001111 2
b10010 7
1$
#25900000
0$
#25910000
b10011 7
b1010000 2
1$
#25920000
0$
#25930000
b1010001 2
b10100 7
1$
#25940000
0$
#25950000
b10101 7
b1010010 2
1$
#25960000
0$
#25970000
b1010011 2
b10110 7
1$
#25980000
0$
#25990000
b10111 7
b1010100 2
1$
#26000000
0$
#26010000
b1010101 2
b11000 7
1$
#26020000
0$
#26030000
0#
b0 7
b1010110 2
1$
#26040000
0$
#26050000
b1010111 2
b1 7
1$
#26060000
0$
#26070000
b10 7
b1011000 2
1$
#26080000
0$
#26090000
b1011001 2
b11 7
1$
#26100000
0$
#26110000
b100 7
b1011010 2
1$
#26120000
0$
#26130000
b1011011 2
b101 7
1$
#26140000
0$
#26150000
b110 7
b1011100 2
1$
#26160000
0$
#26170000
b1011101 2
b111 7
1$
#26180000
0$
#26190000
b1000 7
b1011110 2
1$
#26200000
0$
#26210000
b1011111 2
b1001 7
1$
#26220000
0$
#26230000
b1010 7
b1100000 2
1$
#26240000
0$
#26250000
b1100001 2
b1011 7
1$
#26260000
0$
#26270000
b1100 7
b1100010 2
1$
#26280000
0$
#26290000
b1100011 2
b1101 7
1$
#26300000
0$
#26310000
b1110 7
b101 1
b11100000 3
b0 2
1$
#26320000
0$
#26330000
b1 2
b1111 7
1$
#26340000
0$
#26350000
b10000 7
b10 2
1$
#26360000
0$
#26370000
b11 2
b10001 7
1$
#26380000
0$
#26390000
b10010 7
b100 2
1$
#26400000
0$
#26410000
b101 2
b10011 7
1$
#26420000
0$
#26430000
b10100 7
b110 2
1$
#26440000
0$
#26450000
b111 2
b10101 7
1$
#26460000
0$
#26470000
b10110 7
b1000 2
1$
#26480000
0$
#26490000
b1001 2
b10111 7
1$
#26500000
0$
#26510000
b11000 7
b1010 2
1$
#26520000
0$
#26530000
b1011 2
1#
b0 7
1$
#26540000
0$
#26550000
b1 7
b1100 2
1$
#26560000
0$
#26570000
b1101 2
b10 7
1$
#26580000
0$
#26590000
b11 7
b1110 2
1$
#26600000
0$
#26610000
b1111 2
b100 7
1$
#26620000
0$
#26630000
b101 7
b10000 2
1$
#26640000
0$
#26650000
b10001 2
b110 7
1$
#26660000
0$
#26670000
b111 7
b10010 2
1$
#26680000
0$
#26690000
b10011 2
b1000 7
1$
#26700000
0$
#26710000
b1001 7
b10100 2
1$
#26720000
0$
#26730000
b10101 2
b1010 7
1$
#26740000
0$
#26750000
b1011 7
b10110 2
1$
#26760000
0$
#26770000
b10111 2
b1100 7
1$
#26780000
0$
#26790000
b1101 7
b11000 2
1$
#26800000
0$
#26810000
b11001 2
b1110 7
1$
#26820000
0$
#26830000
b1111 7
b11010 2
1$
#26840000
0$
#26850000
b11011 2
b10000 7
1$
#26860000
0$
#26870000
b10001 7
b11100 2
1$
#26880000
0$
#26890000
b11101 2
b10010 7
1$
#26900000
0$
#26910000
b10011 7
b11110 2
1$
#26920000
0$
#26930000
b11111 2
b10100 7
1$
#26940000
0$
#26950000
b10101 7
b100000 2
1$
#26960000
0$
#26970000
b100001 2
b10110 7
1$
#26980000
0$
#26990000
b10111 7
b100010 2
1$
#27000000
0$
#27010000
b100011 2
b11000 7
1$
#27020000
0$
#27030000
0#
b0 7
b100100 2
1$
#27040000
0$
#27050000
b100101 2
b1 7
1$
#27060000
0$
#27070000
b10 7
b100110 2
1$
#27080000
0$
#27090000
b100111 2
b11 7
1$
#27100000
0$
#27110000
b100 7
b101000 2
1$
#27120000
0$
#27130000
b101001 2
b101 7
1$
#27140000
0$
#27150000
b110 7
b101010 2
1$
#27160000
0$
#27170000
b101011 2
b111 7
1$
#27180000
0$
#27190000
b1000 7
b101100 2
1$
#27200000
0$
#27210000
b101101 2
b1001 7
1$
#27220000
0$
#27230000
b1010 7
b101110 2
1$
#27240000
0$
#27250000
b101111 2
b1011 7
1$
#27260000
0$
#27270000
b1100 7
b110000 2
1$
#27280000
0$
#27290000
b110001 2
b1101 7
1$
#27300000
0$
#27310000
b1110 7
b110010 2
1$
#27320000
0$
#27330000
b110011 2
b1111 7
1$
#27340000
0$
#27350000
b10000 7
b110100 2
1$
#27360000
0$
#27370000
b110101 2
b10001 7
1$
#27380000
0$
#27390000
b10010 7
b110110 2
1$
#27400000
0$
#27410000
b110111 2
b10011 7
1$
#27420000
0$
#27430000
b10100 7
b111000 2
1$
#27440000
0$
#27450000
b111001 2
b10101 7
1$
#27460000
0$
#27470000
b10110 7
b111010 2
1$
#27480000
0$
#27490000
b111011 2
b10111 7
1$
#27500000
0$
#27510000
b11000 7
b111100 2
1$
#27520000
0$
#27530000
b111101 2
1#
b0 7
1$
#27540000
0$
#27550000
b1 7
b111110 2
1$
#27560000
0$
#27570000
b111111 2
b10 7
1$
#27580000
0$
#27590000
b11 7
b1000000 2
1$
#27600000
0$
#27610000
b1000001 2
b100 7
1$
#27620000
0$
#27630000
b101 7
b1000010 2
1$
#27640000
0$
#27650000
b1000011 2
b110 7
1$
#27660000
0$
#27670000
b111 7
b1000100 2
1$
#27680000
0$
#27690000
b1000101 2
b1000 7
1$
#27700000
0$
#27710000
b1001 7
b1000110 2
1$
#27720000
0$
#27730000
b1000111 2
b1010 7
1$
#27740000
0$
#27750000
b1011 7
b1001000 2
1$
#27760000
0$
#27770000
b1001001 2
b1100 7
1$
#27780000
0$
#27790000
b1101 7
b1001010 2
1$
#27800000
0$
#27810000
b1001011 2
b1110 7
1$
#27820000
0$
#27830000
b1111 7
b1001100 2
1$
#27840000
0$
#27850000
b1001101 2
b10000 7
1$
#27860000
0$
#27870000
b10001 7
b1001110 2
1$
#27880000
0$
#27890000
b1001111 2
b10010 7
1$
#27900000
0$
#27910000
b10011 7
b1010000 2
1$
#27920000
0$
#27930000
b1010001 2
b10100 7
1$
#27940000
0$
#27950000
b10101 7
b1010010 2
1$
#27960000
0$
#27970000
b1010011 2
b10110 7
1$
#27980000
0$
#27990000
b10111 7
b1010100 2
1$
#28000000
0$
#28010000
b1010101 2
b11000 7
1$
#28020000
0$
#28030000
0#
b0 7
b1010110 2
1$
#28040000
0$
#28050000
b1010111 2
b1 7
1$
#28060000
0$
#28070000
b10 7
b1011000 2
1$
#28080000
0$
#28090000
b1011001 2
b11 7
1$
#28100000
0$
#28110000
b100 7
b1011010 2
1$
#28120000
0$
#28130000
b1011011 2
b101 7
1$
#28140000
0$
#28150000
b110 7
b1011100 2
1$
#28160000
0$
#28170000
b1011101 2
b111 7
1$
#28180000
0$
#28190000
b1000 7
b1011110 2
1$
#28200000
0$
#28210000
b1011111 2
b1001 7
1$
#28220000
0$
#28230000
b1010 7
b1100000 2
1$
#28240000
0$
#28250000
b1100001 2
b1011 7
1$
#28260000
0$
#28270000
b1100 7
b1100010 2
1$
#28280000
0$
#28290000
b1100011 2
b1101 7
1$
#28300000
0$
#28310000
b1110 7
b110 1
b11000000 3
b0 2
1$
#28320000
0$
#28330000
b1 2
b1111 7
1$
#28340000
0$
#28350000
b10000 7
b10 2
1$
#28360000
0$
#28370000
b11 2
b10001 7
1$
#28380000
0$
#28390000
b10010 7
b100 2
1$
#28400000
0$
#28410000
b101 2
b10011 7
1$
#28420000
0$
#28430000
b10100 7
b110 2
1$
#28440000
0$
#28450000
b111 2
b10101 7
1$
#28460000
0$
#28470000
b10110 7
b1000 2
1$
#28480000
0$
#28490000
b1001 2
b10111 7
1$
#28500000
0$
#28510000
b11000 7
b1010 2
1$
#28520000
0$
#28530000
b1011 2
1#
b0 7
1$
#28540000
0$
#28550000
b1 7
b1100 2
1$
#28560000
0$
#28570000
b1101 2
b10 7
1$
#28580000
0$
#28590000
b11 7
b1110 2
1$
#28600000
0$
#28610000
b1111 2
b100 7
1$
#28620000
0$
#28630000
b101 7
b10000 2
1$
#28640000
0$
#28650000
b10001 2
b110 7
1$
#28660000
0$
#28670000
b111 7
b10010 2
1$
#28680000
0$
#28690000
b10011 2
b1000 7
1$
#28700000
0$
#28710000
b1001 7
b10100 2
1$
#28720000
0$
#28730000
b10101 2
b1010 7
1$
#28740000
0$
#28750000
b1011 7
b10110 2
1$
#28760000
0$
#28770000
b10111 2
b1100 7
1$
#28780000
0$
#28790000
b1101 7
b11000 2
1$
#28800000
0$
#28810000
b11001 2
b1110 7
1$
#28820000
0$
#28830000
b1111 7
b11010 2
1$
#28840000
0$
#28850000
b11011 2
b10000 7
1$
#28860000
0$
#28870000
b10001 7
b11100 2
1$
#28880000
0$
#28890000
b11101 2
b10010 7
1$
#28900000
0$
#28910000
b10011 7
b11110 2
1$
#28920000
0$
#28930000
b11111 2
b10100 7
1$
#28940000
0$
#28950000
b10101 7
b100000 2
1$
#28960000
0$
#28970000
b100001 2
b10110 7
1$
#28980000
0$
#28990000
b10111 7
b100010 2
1$
#29000000
0$
#29010000
b100011 2
b11000 7
1$
#29020000
0$
#29030000
0#
b0 7
b100100 2
1$
#29040000
0$
#29050000
b100101 2
b1 7
1$
#29060000
0$
#29070000
b10 7
b100110 2
1$
#29080000
0$
#29090000
b100111 2
b11 7
1$
#29100000
0$
#29110000
b100 7
b101000 2
1$
#29120000
0$
#29130000
b101001 2
b101 7
1$
#29140000
0$
#29150000
b110 7
b101010 2
1$
#29160000
0$
#29170000
b101011 2
b111 7
1$
#29180000
0$
#29190000
b1000 7
b101100 2
1$
#29200000
0$
#29210000
b101101 2
b1001 7
1$
#29220000
0$
#29230000
b1010 7
b101110 2
1$
#29240000
0$
#29250000
b101111 2
b1011 7
1$
#29260000
0$
#29270000
b1100 7
b110000 2
1$
#29280000
0$
#29290000
b110001 2
b1101 7
1$
#29300000
0$
#29310000
b1110 7
b110010 2
1$
#29320000
0$
#29330000
b110011 2
b1111 7
1$
#29340000
0$
#29350000
b10000 7
b110100 2
1$
#29360000
0$
#29370000
b110101 2
b10001 7
1$
#29380000
0$
#29390000
b10010 7
b110110 2
1$
#29400000
0$
#29410000
b110111 2
b10011 7
1$
#29420000
0$
#29430000
b10100 7
b111000 2
1$
#29440000
0$
#29450000
b111001 2
b10101 7
1$
#29460000
0$
#29470000
b10110 7
b111010 2
1$
#29480000
0$
#29490000
b111011 2
b10111 7
1$
#29500000
0$
#29510000
b11000 7
b111100 2
1$
#29520000
0$
#29530000
b111101 2
1#
b0 7
1$
#29540000
0$
#29550000
b1 7
b111110 2
1$
#29560000
0$
#29570000
b111111 2
b10 7
1$
#29580000
0$
#29590000
b11 7
b1000000 2
1$
#29600000
0$
#29610000
b1000001 2
b100 7
1$
#29620000
0$
#29630000
b101 7
b1000010 2
1$
#29640000
0$
#29650000
b1000011 2
b110 7
1$
#29660000
0$
#29670000
b111 7
b1000100 2
1$
#29680000
0$
#29690000
b1000101 2
b1000 7
1$
#29700000
0$
#29710000
b1001 7
b1000110 2
1$
#29720000
0$
#29730000
b1000111 2
b1010 7
1$
#29740000
0$
#29750000
b1011 7
b1001000 2
1$
#29760000
0$
#29770000
b1001001 2
b1100 7
1$
#29780000
0$
#29790000
b1101 7
b1001010 2
1$
#29800000
0$
#29810000
b1001011 2
b1110 7
1$
#29820000
0$
#29830000
b1111 7
b1001100 2
1$
#29840000
0$
#29850000
b1001101 2
b10000 7
1$
#29860000
0$
#29870000
b10001 7
b1001110 2
1$
#29880000
0$
#29890000
b1001111 2
b10010 7
1$
#29900000
0$
#29910000
b10011 7
b1010000 2
1$
#29920000
0$
#29930000
b1010001 2
b10100 7
1$
#29940000
0$
#29950000
b10101 7
b1010010 2
1$
#29960000
0$
#29970000
b1010011 2
b10110 7
1$
#29980000
0$
#29990000
b10111 7
b1010100 2
1$
#30000000
0$
#30010000
b1010101 2
b11000 7
1$
#30020000
0$
#30030000
0#
b0 7
b1010110 2
1$
#30040000
0$
#30050000
b1010111 2
b1 7
1$
#30060000
0$
#30070000
b10 7
b1011000 2
1$
#30080000
0$
#30090000
b1011001 2
b11 7
1$
#30100000
0$
#30110000
b100 7
b1011010 2
1$
#30120000
0$
#30130000
b1011011 2
b101 7
1$
#30140000
0$
#30150000
b110 7
b1011100 2
1$
#30160000
0$
#30170000
b1011101 2
b111 7
1$
#30180000
0$
#30190000
b1000 7
b1011110 2
1$
#30200000
0$
#30210000
b1011111 2
b1001 7
1$
#30220000
0$
#30230000
b1010 7
b1100000 2
1$
#30240000
0$
#30250000
b1100001 2
b1011 7
1$
#30260000
0$
#30270000
b1100 7
b1100010 2
1$
#30280000
0$
#30290000
b1100011 2
b1101 7
1$
#30300000
0$
#30310000
b1110 7
b111 1
b10000000 3
b0 2
1$
#30320000
0$
#30330000
b1 2
b1111 7
1$
#30340000
0$
#30350000
b10000 7
b10 2
1$
#30360000
0$
#30370000
b11 2
b10001 7
1$
#30380000
0$
#30390000
b10010 7
b100 2
1$
#30400000
0$
#30410000
b101 2
b10011 7
1$
#30420000
0$
#30430000
b10100 7
b110 2
1$
#30440000
0$
#30450000
b111 2
b10101 7
1$
#30460000
0$
#30470000
b10110 7
b1000 2
1$
#30480000
0$
#30490000
b1001 2
b10111 7
1$
#30500000
0$
#30510000
b11000 7
b1010 2
1$
#30520000
0$
#30530000
b1011 2
1#
b0 7
1$
#30540000
0$
#30550000
b1 7
b1100 2
1$
#30560000
0$
#30570000
b1101 2
b10 7
1$
#30580000
0$
#30590000
b11 7
b1110 2
1$
#30600000
0$
#30610000
b1111 2
b100 7
1$
#30620000
0$
#30630000
b101 7
b10000 2
1$
#30640000
0$
#30650000
b10001 2
b110 7
1$
#30660000
0$
#30670000
b111 7
b10010 2
1$
#30680000
0$
#30690000
b10011 2
b1000 7
1$
#30700000
0$
#30710000
b1001 7
b10100 2
1$
#30720000
0$
#30730000
b10101 2
b1010 7
1$
#30740000
0$
#30750000
b1011 7
b10110 2
1$
#30760000
0$
#30770000
b10111 2
b1100 7
1$
#30780000
0$
#30790000
b1101 7
b11000 2
1$
#30800000
0$
#30810000
b11001 2
b1110 7
1$
#30820000
0$
#30830000
b1111 7
b11010 2
1$
#30840000
0$
#30850000
b11011 2
b10000 7
1$
#30860000
0$
#30870000
b10001 7
b11100 2
1$
#30880000
0$
#30890000
b11101 2
b10010 7
1$
#30900000
0$
#30910000
b10011 7
b11110 2
1$
#30920000
0$
#30930000
b11111 2
b10100 7
1$
#30940000
0$
#30950000
b10101 7
b100000 2
1$
#30960000
0$
#30970000
b100001 2
b10110 7
1$
#30980000
0$
#30990000
b10111 7
b100010 2
1$
#31000000
0$
#31010000
b100011 2
b11000 7
1$
#31020000
0$
#31030000
0#
b0 7
b100100 2
1$
#31040000
0$
#31050000
b100101 2
b1 7
1$
#31060000
0$
#31070000
b10 7
b100110 2
1$
#31080000
0$
#31090000
b100111 2
b11 7
1$
#31100000
0$
#31110000
b100 7
b101000 2
1$
#31120000
0$
#31130000
b101001 2
b101 7
1$
#31140000
0$
#31150000
b110 7
b101010 2
1$
#31160000
0$
#31170000
b101011 2
b111 7
1$
#31180000
0$
#31190000
b1000 7
b101100 2
1$
#31200000
0$
#31210000
b101101 2
b1001 7
1$
#31220000
0$
#31230000
b1010 7
b101110 2
1$
#31240000
0$
#31250000
b101111 2
b1011 7
1$
#31260000
0$
#31270000
b1100 7
b110000 2
1$
#31280000
0$
#31290000
b110001 2
b1101 7
1$
#31300000
0$
#31310000
b1110 7
b110010 2
1$
#31320000
0$
#31330000
b110011 2
b1111 7
1$
#31340000
0$
#31350000
b10000 7
b110100 2
1$
#31360000
0$
#31370000
b110101 2
b10001 7
1$
#31380000
0$
#31390000
b10010 7
b110110 2
1$
#31400000
0$
#31410000
b110111 2
b10011 7
1$
#31420000
0$
#31430000
b10100 7
b111000 2
1$
#31440000
0$
#31450000
b111001 2
b10101 7
1$
#31460000
0$
#31470000
b10110 7
b111010 2
1$
#31480000
0$
#31490000
b111011 2
b10111 7
1$
#31500000
0$
#31510000
b11000 7
b111100 2
1$
#31520000
0$
#31530000
b111101 2
1#
b0 7
1$
#31540000
0$
#31550000
b1 7
b111110 2
1$
#31560000
0$
#31570000
b111111 2
b10 7
1$
#31580000
0$
#31590000
b11 7
b1000000 2
1$
#31600000
0$
#31610000
b1000001 2
b100 7
1$
#31620000
0$
#31630000
b101 7
b1000010 2
1$
#31640000
0$
#31650000
b1000011 2
b110 7
1$
#31660000
0$
#31670000
b111 7
b1000100 2
1$
#31680000
0$
#31690000
b1000101 2
b1000 7
1$
#31700000
0$
#31710000
b1001 7
b1000110 2
1$
#31720000
0$
#31730000
b1000111 2
b1010 7
1$
#31740000
0$
#31750000
b1011 7
b1001000 2
1$
#31760000
0$
#31770000
b1001001 2
b1100 7
1$
#31780000
0$
#31790000
b1101 7
b1001010 2
1$
#31800000
0$
#31810000
b1001011 2
b1110 7
1$
#31820000
0$
#31830000
b1111 7
b1001100 2
1$
#31840000
0$
#31850000
b1001101 2
b10000 7
1$
#31860000
0$
#31870000
b10001 7
b1001110 2
1$
#31880000
0$
#31890000
b1001111 2
b10010 7
1$
#31900000
0$
#31910000
b10011 7
b1010000 2
1$
#31920000
0$
#31930000
b1010001 2
b10100 7
1$
#31940000
0$
#31950000
b10101 7
b1010010 2
1$
#31960000
0$
#31970000
b1010011 2
b10110 7
1$
#31980000
0$
#31990000
b10111 7
b1010100 2
1$
#32000000
0$
#32010000
b1010101 2
b11000 7
1$
#32020000
0$
#32030000
0#
b0 7
b1010110 2
1$
#32040000
0$
#32050000
b1010111 2
b1 7
1$
#32060000
0$
#32070000
b10 7
b1011000 2
1$
#32080000
0$
#32090000
b1011001 2
b11 7
1$
#32100000
0$
#32110000
b100 7
b1011010 2
1$
#32120000
0$
#32130000
b1011011 2
b101 7
1$
#32140000
0$
#32150000
b110 7
b1011100 2
1$
#32160000
0$
#32170000
b1011101 2
b111 7
1$
#32180000
0$
#32190000
b1000 7
b1011110 2
1$
#32200000
0$
#32210000
b1011111 2
b1001 7
1$
#32220000
0$
#32230000
b1010 7
b1100000 2
1$
#32240000
0$
#32250000
b1100001 2
b1011 7
1$
#32260000
0$
#32270000
b1100 7
b1100010 2
1$
#32280000
0$
#32290000
b1100011 2
b1101 7
1$
#32300000
0$
#32310000
b1110 7
b0 1
0)
1!
0"
04
b0 2
1$
#32320000
0$
#32330000
0!
b1111 7
1$
#32340000
0$
#32350000
b10000 7
1$
#32360000
0$
#32370000
b10001 7
1$
#32380000
0$
#32390000
b10010 7
1$
#32400000
0$
#32410000
b10011 7
1$
#32420000
0$
#32430000
b10100 7
1$
#32440000
0$
#32450000
b10101 7
1$
#32460000
0$
#32470000
b10110 7
1$
#32480000
0$
#32490000
b10111 7
1$
#32500000
0$
#32510000
b11000 7
1$
b0 8
#32520000
1%
b0 &
b0 (
b0 .
0$
#32530000
14
1"
b0 3
b11001 7
1$
#32540000
0%
0$
#32550000
b11010 7
b1 2
1$
#32560000
0$
#32570000
b10 2
b11011 7
1$
#32580000
0$
#32590000
b11100 7
b11 2
1$
#32600000
0$
#32610000
b100 2
b11101 7
1$
#32620000
0$
#32630000
b11110 7
b101 2
1$
#32640000
0$
#32650000
b110 2
b11111 7
1$
#32660000
0$
#32670000
b100000 7
b111 2
1$
#32680000
0$
#32690000
b1000 2
b100001 7
1$
#32700000
0$
#32710000
b100010 7
b1001 2
1$
#32720000
0$
#32730000
b1010 2
b100011 7
1$
#32740000
0$
#32750000
b100100 7
b1011 2
1$
#32760000
0$
#32770000
b1100 2
b100101 7
1$
#32780000
0$
#32790000
b100110 7
b1101 2
1$
#32800000
0$
#32810000
b1110 2
b100111 7
1$
#32820000
0$
#32830000
b101000 7
b1111 2
1$
#32840000
0$
#32850000
b10000 2
b101001 7
1$
#32860000
0$
#32870000
b101010 7
b10001 2
1$
#32880000
0$
#32890000
b10010 2
b101011 7
1$
#32900000
0$
#32910000
b101100 7
b10011 2
1$
#32920000
0$
#32930000
b10100 2
b101101 7
1$
#32940000
0$
#32950000
b101110 7
b10101 2
1$
#32960000
0$
#32970000
b10110 2
b101111 7
1$
#32980000
0$
#32990000
b110000 7
b10111 2
1$
#33000000
0$
#33010000
b11000 2
b110001 7
1$
#33020000
0$
#33030000
1#
b0 7
b11001 2
1$
#33040000
0$
#33050000
b11010 2
b1 7
1$
#33060000
0$
#33070000
b10 7
b11011 2
1$
#33080000
0$
#33090000
b11100 2
b11 7
1$
#33100000
0$
#33110000
b100 7
b11101 2
1$
#33120000
0$
#33130000
b11110 2
b101 7
1$
#33140000
0$
#33150000
b110 7
b11111 2
1$
#33160000
0$
#33170000
b100000 2
b111 7
1$
#33180000
0$
#33190000
b1000 7
b100001 2
1$
#33200000
0$
#33210000
b100010 2
b1001 7
1$
#33220000
0$
#33230000
b1010 7
b100011 2
1$
#33240000
0$
#33250000
b100100 2
b1011 7
1$
#33260000
0$
#33270000
b1100 7
b100101 2
1$
#33280000
0$
#33290000
b100110 2
b1101 7
1$
#33300000
0$
#33310000
b1110 7
b100111 2
1$
#33320000
0$
#33330000
b101000 2
b1111 7
1$
#33340000
0$
#33350000
b10000 7
b101001 2
1$
#33360000
0$
#33370000
b101010 2
b10001 7
1$
#33380000
0$
#33390000
b10010 7
b101011 2
1$
#33400000
0$
#33410000
b101100 2
b10011 7
1$
#33420000
0$
#33430000
b10100 7
b101101 2
1$
#33440000
0$
#33450000
b101110 2
b10101 7
1$
#33460000
0$
#33470000
b10110 7
b101111 2
1$
#33480000
0$
#33490000
b110000 2
b10111 7
1$
#33500000
0$
#33510000
b11000 7
b110001 2
1$
#33520000
0$
#33530000
b110010 2
b11001 7
1$
#33540000
0$
#33550000
b11010 7
b110011 2
1$
#33560000
0$
#33570000
b110100 2
b11011 7
1$
#33580000
0$
#33590000
b11100 7
b110101 2
1$
#33600000
0$
#33610000
b110110 2
b11101 7
1$
#33620000
0$
#33630000
b11110 7
b110111 2
1$
#33640000
0$
#33650000
b111000 2
b11111 7
1$
#33660000
0$
#33670000
b100000 7
b111001 2
1$
#33680000
0$
#33690000
b111010 2
b100001 7
1$
#33700000
0$
#33710000
b100010 7
b111011 2
1$
#33720000
0$
#33730000
b111100 2
b100011 7
1$
#33740000
0$
#33750000
b100100 7
b111101 2
1$
#33760000
0$
#33770000
b111110 2
b100101 7
1$
#33780000
0$
#33790000
b100110 7
b111111 2
1$
#33800000
0$
#33810000
b1000000 2
b100111 7
1$
#33820000
0$
#33830000
b101000 7
b1000001 2
1$
#33840000
0$
#33850000
b1000010 2
b101001 7
1$
#33860000
0$
#33870000
b101010 7
b1000011 2
1$
#33880000
0$
#33890000
b1000100 2
b101011 7
1$
#33900000
0$
#33910000
b101100 7
b1000101 2
1$
#33920000
0$
#33930000
b1000110 2
b101101 7
1$
#33940000
0$
#33950000
b101110 7
b1000111 2
1$
#33960000
0$
#33970000
b1001000 2
b101111 7
1$
#33980000
0$
#33990000
b110000 7
b1001001 2
1$
#34000000
0$
#34010000
b1001010 2
b110001 7
1$
#34020000
0$
#34030000
0#
b0 7
b1001011 2
1$
#34040000
0$
#34050000
b1001100 2
b1 7
1$
#34060000
0$
#34070000
b10 7
b1001101 2
1$
#34080000
0$
#34090000
b1001110 2
b11 7
1$
#34100000
0$
#34110000
b100 7
b1001111 2
1$
#34120000
0$
#34130000
b1010000 2
b101 7
1$
#34140000
0$
#34150000
b110 7
b1010001 2
1$
#34160000
0$
#34170000
b1010010 2
b111 7
1$
#34180000
0$
#34190000
b1000 7
b1010011 2
1$
#34200000
0$
#34210000
b1010100 2
b1001 7
1$
#34220000
0$
#34230000
b1010 7
b1010101 2
1$
#34240000
0$
#34250000
b1010110 2
b1011 7
1$
#34260000
0$
#34270000
b1100 7
b1010111 2
1$
#34280000
0$
#34290000
b1011000 2
b1101 7
1$
#34300000
0$
#34310000
b1110 7
b1011001 2
1$
#34320000
0$
#34330000
b1011010 2
b1111 7
1$
#34340000
0$
#34350000
b10000 7
b1011011 2
1$
#34360000
0$
#34370000
b1011100 2
b10001 7
1$
#34380000
0$
#34390000
b10010 7
b1011101 2
1$
#34400000
0$
#34410000
b1011110 2
b10011 7
1$
#34420000
0$
#34430000
b10100 7
b1011111 2
1$
#34440000
0$
#34450000
b1100000 2
b10101 7
1$
#34460000
0$
#34470000
b10110 7
b1100001 2
1$
#34480000
0$
#34490000
b1100010 2
b10111 7
1$
#34500000
0$
#34510000
b11000 7
b1100011 2
1$
#34520000
0$
#34530000
b1 1
b0 2
b11001 7
1$
#34540000
0$
#34550000
b11010 7
b1 2
1$
#34560000
0$
#34570000
b10 2
b11011 7
1$
#34580000
0$
#34590000
b11100 7
b11 2
1$
#34600000
0$
#34610000
b100 2
b11101 7
1$
#34620000
0$
#34630000
b11110 7
b101 2
1$
#34640000
0$
#34650000
b110 2
b11111 7
1$
#34660000
0$
#34670000
b100000 7
b111 2
1$
#34680000
0$
#34690000
b1000 2
b100001 7
1$
#34700000
0$
#34710000
b100010 7
b1001 2
1$
#34720000
0$
#34730000
b1010 2
b100011 7
1$
#34740000
0$
#34750000
b100100 7
b1011 2
1$
#34760000
0$
#34770000
b1100 2
b100101 7
1$
#34780000
0$
#34790000
b100110 7
b1101 2
1$
#34800000
0$
#34810000
b1110 2
b100111 7
1$
#34820000
0$
#34830000
b101000 7
b1111 2
1$
#34840000
0$
#34850000
b10000 2
b101001 7
1$
#34860000
0$
#34870000
b101010 7
b10001 2
1$
#34880000
0$
#34890000
b10010 2
b101011 7
1$
#34900000
0$
#34910000
b101100 7
b10011 2
1$
#34920000
0$
#34930000
b10100 2
b101101 7
1$
#34940000
0$
#34950000
b101110 7
b10101 2
1$
#34960000
0$
#34970000
b10110 2
b101111 7
1$
#34980000
0$
#34990000
b110000 7
b10111 2
1$
#35000000
0$
#35010000
b11000 2
b110001 7
1$
#35020000
0$
#35030000
1#
b0 7
b11001 2
1$
#35040000
0$
#35050000
b11010 2
b1 7
1$
#35060000
0$
#35070000
b10 7
b11011 2
1$
#35080000
0$
#35090000
b11100 2
b11 7
1$
#35100000
0$
#35110000
b100 7
b11101 2
1$
#35120000
0$
#35130000
b11110 2
b101 7
1$
#35140000
0$
#35150000
b110 7
b11111 2
1$
#35160000
0$
#35170000
b100000 2
b111 7
1$
#35180000
0$
#35190000
b1000 7
b100001 2
1$
#35200000
0$
#35210000
b100010 2
b1001 7
1$
#35220000
0$
#35230000
b1010 7
b100011 2
1$
#35240000
0$
#35250000
b100100 2
b1011 7
1$
#35260000
0$
#35270000
b1100 7
b100101 2
1$
#35280000
0$
#35290000
b100110 2
b1101 7
1$
#35300000
0$
#35310000
b1110 7
b100111 2
1$
#35320000
0$
#35330000
b101000 2
b1111 7
1$
#35340000
0$
#35350000
b10000 7
b101001 2
1$
#35360000
0$
#35370000
b101010 2
b10001 7
1$
#35380000
0$
#35390000
b10010 7
b101011 2
1$
#35400000
0$
#35410000
b101100 2
b10011 7
1$
#35420000
0$
#35430000
b10100 7
b101101 2
1$
#35440000
0$
#35450000
b101110 2
b10101 7
1$
#35460000
0$
#35470000
b10110 7
b101111 2
1$
#35480000
0$
#35490000
b110000 2
b10111 7
1$
#35500000
0$
#35510000
b11000 7
b110001 2
1$
#35520000
0$
#35530000
b110010 2
b11001 7
1$
#35540000
0$
#35550000
b11010 7
b110011 2
1$
#35560000
0$
#35570000
b110100 2
b11011 7
1$
#35580000
0$
#35590000
b11100 7
b110101 2
1$
#35600000
0$
#35610000
b110110 2
b11101 7
1$
#35620000
0$
#35630000
b11110 7
b110111 2
1$
#35640000
0$
#35650000
b111000 2
b11111 7
1$
#35660000
0$
#35670000
b100000 7
b111001 2
1$
#35680000
0$
#35690000
b111010 2
b100001 7
1$
#35700000
0$
#35710000
b100010 7
b111011 2
1$
#35720000
0$
#35730000
b111100 2
b100011 7
1$
#35740000
0$
#35750000
b100100 7
b111101 2
1$
#35760000
0$
#35770000
b111110 2
b100101 7
1$
#35780000
0$
#35790000
b100110 7
b111111 2
1$
#35800000
0$
#35810000
b1000000 2
b100111 7
1$
#35820000
0$
#35830000
b101000 7
b1000001 2
1$
#35840000
0$
#35850000
b1000010 2
b101001 7
1$
#35860000
0$
#35870000
b101010 7
b1000011 2
1$
#35880000
0$
#35890000
b1000100 2
b101011 7
1$
#35900000
0$
#35910000
b101100 7
b1000101 2
1$
#35920000
0$
#35930000
b1000110 2
b101101 7
1$
#35940000
0$
#35950000
b101110 7
b1000111 2
1$
#35960000
0$
#35970000
b1001000 2
b101111 7
1$
#35980000
0$
#35990000
b110000 7
b1001001 2
1$
#36000000
0$
#36010000
b1001010 2
b110001 7
1$
#36020000
0$
#36030000
0#
b0 7
b1001011 2
1$
#36040000
0$
#36050000
b1001100 2
b1 7
1$
#36060000
0$
#36070000
b10 7
b1001101 2
1$
#36080000
0$
#36090000
b1001110 2
b11 7
1$
#36100000
0$
#36110000
b100 7
b1001111 2
1$
#36120000
0$
#36130000
b1010000 2
b101 7
1$
#36140000
0$
#36150000
b110 7
b1010001 2
1$
#36160000
0$
#36170000
b1010010 2
b111 7
1$
#36180000
0$
#36190000
b1000 7
b1010011 2
1$
#36200000
0$
#36210000
b1010100 2
b1001 7
1$
#36220000
0$
#36230000
b1010 7
b1010101 2
1$
#36240000
0$
#36250000
b1010110 2
b1011 7
1$
#36260000
0$
#36270000
b1100 7
b1010111 2
1$
#36280000
0$
#36290000
b1011000 2
b1101 7
1$
#36300000
0$
#36310000
b1110 7
b1011001 2
1$
#36320000
0$
#36330000
b1011010 2
b1111 7
1$
#36340000
0$
#36350000
b10000 7
b1011011 2
1$
#36360000
0$
#36370000
b1011100 2
b10001 7
1$
#36380000
0$
#36390000
b10010 7
b1011101 2
1$
#36400000
0$
#36410000
b1011110 2
b10011 7
1$
#36420000
0$
#36430000
b10100 7
b1011111 2
1$
#36440000
0$
#36450000
b1100000 2
b10101 7
1$
#36460000
0$
#36470000
b10110 7
b1100001 2
1$
#36480000
0$
#36490000
b1100010 2
b10111 7
1$
#36500000
0$
#36510000
b11000 7
b1100011 2
1$
#36520000
0$
#36530000
b10 1
b0 2
b11001 7
1$
#36540000
0$
#36550000
b11010 7
b1 2
1$
#36560000
0$
#36570000
b10 2
b11011 7
1$
#36580000
0$
#36590000
b11100 7
b11 2
1$
#36600000
0$
#36610000
b100 2
b11101 7
1$
#36620000
0$
#36630000
b11110 7
b101 2
1$
#36640000
0$
#36650000
b110 2
b11111 7
1$
#36660000
0$
#36670000
b100000 7
b111 2
1$
#36680000
0$
#36690000
b1000 2
b100001 7
1$
#36700000
0$
#36710000
b100010 7
b1001 2
1$
#36720000
0$
#36730000
b1010 2
b100011 7
1$
#36740000
0$
#36750000
b100100 7
b1011 2
1$
#36760000
0$
#36770000
b1100 2
b100101 7
1$
#36780000
0$
#36790000
b100110 7
b1101 2
1$
#36800000
0$
#36810000
b1110 2
b100111 7
1$
#36820000
0$
#36830000
b101000 7
b1111 2
1$
#36840000
0$
#36850000
b10000 2
b101001 7
1$
#36860000
0$
#36870000
b101010 7
b10001 2
1$
#36880000
0$
#36890000
b10010 2
b101011 7
1$
#36900000
0$
#36910000
b101100 7
b10011 2
1$
#36920000
0$
#36930000
b10100 2
b101101 7
1$
#36940000
0$
#36950000
b101110 7
b10101 2
1$
#36960000
0$
#36970000
b10110 2
b101111 7
1$
#36980000
0$
#36990000
b110000 7
b10111 2
1$
#37000000
0$
#37010000
b11000 2
b110001 7
1$
#37020000
0$
#37030000
1#
b0 7
b11001 2
1$
#37040000
0$
#37050000
b11010 2
b1 7
1$
#37060000
0$
#37070000
b10 7
b11011 2
1$
#37080000
0$
#37090000
b11100 2
b11 7
1$
#37100000
0$
#37110000
b100 7
b11101 2
1$
#37120000
0$
#37130000
b11110 2
b101 7
1$
#37140000
0$
#37150000
b110 7
b11111 2
1$
#37160000
0$
#37170000
b100000 2
b111 7
1$
#37180000
0$
#37190000
b1000 7
b100001 2
1$
#37200000
0$
#37210000
b100010 2
b1001 7
1$
#37220000
0$
#37230000
b1010 7
b100011 2
1$
#37240000
0$
#37250000
b100100 2
b1011 7
1$
#37260000
0$
#37270000
b1100 7
b100101 2
1$
#37280000
0$
#37290000
b100110 2
b1101 7
1$
#37300000
0$
#37310000
b1110 7
b100111 2
1$
#37320000
0$
#37330000
b101000 2
b1111 7
1$
#37340000
0$
#37350000
b10000 7
b101001 2
1$
#37360000
0$
#37370000
b101010 2
b10001 7
1$
#37380000
0$
#37390000
b10010 7
b101011 2
1$
#37400000
0$
#37410000
b101100 2
b10011 7
1$
#37420000
0$
#37430000
b10100 7
b101101 2
1$
#37440000
0$
#37450000
b101110 2
b10101 7
1$
#37460000
0$
#37470000
b10110 7
b101111 2
1$
#37480000
0$
#37490000
b110000 2
b10111 7
1$
#37500000
0$
#37510000
b11000 7
b110001 2
1$
#37520000
0$
#37530000
b110010 2
b11001 7
1$
#37540000
0$
#37550000
b11010 7
b110011 2
1$
#37560000
0$
#37570000
b110100 2
b11011 7
1$
#37580000
0$
#37590000
b11100 7
b110101 2
1$
#37600000
0$
#37610000
b110110 2
b11101 7
1$
#37620000
0$
#37630000
b11110 7
b110111 2
1$
#37640000
0$
#37650000
b111000 2
b11111 7
1$
#37660000
0$
#37670000
b100000 7
b111001 2
1$
#37680000
0$
#37690000
b111010 2
b100001 7
1$
#37700000
0$
#37710000
b100010 7
b111011 2
1$
#37720000
0$
#37730000
b111100 2
b100011 7
1$
#37740000
0$
#37750000
b100100 7
b111101 2
1$
#37760000
0$
#37770000
b111110 2
b100101 7
1$
#37780000
0$
#37790000
b100110 7
b111111 2
1$
#37800000
0$
#37810000
b1000000 2
b100111 7
1$
#37820000
0$
#37830000
b101000 7
b1000001 2
1$
#37840000
0$
#37850000
b1000010 2
b101001 7
1$
#37860000
0$
#37870000
b101010 7
b1000011 2
1$
#37880000
0$
#37890000
b1000100 2
b101011 7
1$
#37900000
0$
#37910000
b101100 7
b1000101 2
1$
#37920000
0$
#37930000
b1000110 2
b101101 7
1$
#37940000
0$
#37950000
b101110 7
b1000111 2
1$
#37960000
0$
#37970000
b1001000 2
b101111 7
1$
#37980000
0$
#37990000
b110000 7
b1001001 2
1$
#38000000
0$
#38010000
b1001010 2
b110001 7
1$
#38020000
0$
#38030000
0#
b0 7
b1001011 2
1$
#38040000
0$
#38050000
b1001100 2
b1 7
1$
#38060000
0$
#38070000
b10 7
b1001101 2
1$
#38080000
0$
#38090000
b1001110 2
b11 7
1$
#38100000
0$
#38110000
b100 7
b1001111 2
1$
#38120000
0$
#38130000
b1010000 2
b101 7
1$
#38140000
0$
#38150000
b110 7
b1010001 2
1$
#38160000
0$
#38170000
b1010010 2
b111 7
1$
#38180000
0$
#38190000
b1000 7
b1010011 2
1$
#38200000
0$
#38210000
b1010100 2
b1001 7
1$
#38220000
0$
#38230000
b1010 7
b1010101 2
1$
#38240000
0$
#38250000
b1010110 2
b1011 7
1$
#38260000
0$
#38270000
b1100 7
b1010111 2
1$
#38280000
0$
#38290000
b1011000 2
b1101 7
1$
#38300000
0$
#38310000
b1110 7
b1011001 2
1$
#38320000
0$
#38330000
b1011010 2
b1111 7
1$
#38340000
0$
#38350000
b10000 7
b1011011 2
1$
#38360000
0$
#38370000
b1011100 2
b10001 7
1$
#38380000
0$
#38390000
b10010 7
b1011101 2
1$
#38400000
0$
#38410000
b1011110 2
b10011 7
1$
#38420000
0$
#38430000
b10100 7
b1011111 2
1$
#38440000
0$
#38450000
b1100000 2
b10101 7
1$
#38460000
0$
#38470000
b10110 7
b1100001 2
1$
#38480000
0$
#38490000
b1100010 2
b10111 7
1$
#38500000
0$
#38510000
b11000 7
b1100011 2
1$
#38520000
0$
#38530000
b11 1
b0 2
b11001 7
1$
#38540000
0$
#38550000
b11010 7
b1 2
1$
#38560000
0$
#38570000
b10 2
b11011 7
1$
#38580000
0$
#38590000
b11100 7
b11 2
1$
#38600000
0$
#38610000
b100 2
b11101 7
1$
#38620000
0$
#38630000
b11110 7
b101 2
1$
#38640000
0$
#38650000
b110 2
b11111 7
1$
#38660000
0$
#38670000
b100000 7
b111 2
1$
#38680000
0$
#38690000
b1000 2
b100001 7
1$
#38700000
0$
#38710000
b100010 7
b1001 2
1$
#38720000
0$
#38730000
b1010 2
b100011 7
1$
#38740000
0$
#38750000
b100100 7
b1011 2
1$
#38760000
0$
#38770000
b1100 2
b100101 7
1$
#38780000
0$
#38790000
b100110 7
b1101 2
1$
#38800000
0$
#38810000
b1110 2
b100111 7
1$
#38820000
0$
#38830000
b101000 7
b1111 2
1$
#38840000
0$
#38850000
b10000 2
b101001 7
1$
#38860000
0$
#38870000
b101010 7
b10001 2
1$
#38880000
0$
#38890000
b10010 2
b101011 7
1$
#38900000
0$
#38910000
b101100 7
b10011 2
1$
#38920000
0$
#38930000
b10100 2
b101101 7
1$
#38940000
0$
#38950000
b101110 7
b10101 2
1$
#38960000
0$
#38970000
b10110 2
b101111 7
1$
#38980000
0$
#38990000
b110000 7
b10111 2
1$
#39000000
0$
#39010000
b11000 2
b110001 7
1$
#39020000
0$
#39030000
1#
b0 7
b11001 2
1$
#39040000
0$
#39050000
b11010 2
b1 7
1$
#39060000
0$
#39070000
b10 7
b11011 2
1$
#39080000
0$
#39090000
b11100 2
b11 7
1$
#39100000
0$
#39110000
b100 7
b11101 2
1$
#39120000
0$
#39130000
b11110 2
b101 7
1$
#39140000
0$
#39150000
b110 7
b11111 2
1$
#39160000
0$
#39170000
b100000 2
b111 7
1$
#39180000
0$
#39190000
b1000 7
b100001 2
1$
#39200000
0$
#39210000
b100010 2
b1001 7
1$
#39220000
0$
#39230000
b1010 7
b100011 2
1$
#39240000
0$
#39250000
b100100 2
b1011 7
1$
#39260000
0$
#39270000
b1100 7
b100101 2
1$
#39280000
0$
#39290000
b100110 2
b1101 7
1$
#39300000
0$
#39310000
b1110 7
b100111 2
1$
#39320000
0$
#39330000
b101000 2
b1111 7
1$
#39340000
0$
#39350000
b10000 7
b101001 2
1$
#39360000
0$
#39370000
b101010 2
b10001 7
1$
#39380000
0$
#39390000
b10010 7
b101011 2
1$
#39400000
0$
#39410000
b101100 2
b10011 7
1$
#39420000
0$
#39430000
b10100 7
b101101 2
1$
#39440000
0$
#39450000
b101110 2
b10101 7
1$
#39460000
0$
#39470000
b10110 7
b101111 2
1$
#39480000
0$
#39490000
b110000 2
b10111 7
1$
#39500000
0$
#39510000
b11000 7
b110001 2
1$
#39520000
0$
#39530000
b110010 2
b11001 7
1$
#39540000
0$
#39550000
b11010 7
b110011 2
1$
#39560000
0$
#39570000
b110100 2
b11011 7
1$
#39580000
0$
#39590000
b11100 7
b110101 2
1$
#39600000
0$
#39610000
b110110 2
b11101 7
1$
#39620000
0$
#39630000
b11110 7
b110111 2
1$
#39640000
0$
#39650000
b111000 2
b11111 7
1$
#39660000
0$
#39670000
b100000 7
b111001 2
1$
#39680000
0$
#39690000
b111010 2
b100001 7
1$
#39700000
0$
#39710000
b100010 7
b111011 2
1$
#39720000
0$
#39730000
b111100 2
b100011 7
1$
#39740000
0$
#39750000
b100100 7
b111101 2
1$
#39760000
0$
#39770000
b111110 2
b100101 7
1$
#39780000
0$
#39790000
b100110 7
b111111 2
1$
#39800000
0$
#39810000
b1000000 2
b100111 7
1$
#39820000
0$
#39830000
b101000 7
b1000001 2
1$
#39840000
0$
#39850000
b1000010 2
b101001 7
1$
#39860000
0$
#39870000
b101010 7
b1000011 2
1$
#39880000
0$
#39890000
b1000100 2
b101011 7
1$
#39900000
0$
#39910000
b101100 7
b1000101 2
1$
#39920000
0$
#39930000
b1000110 2
b101101 7
1$
#39940000
0$
#39950000
b101110 7
b1000111 2
1$
#39960000
0$
#39970000
b1001000 2
b101111 7
1$
#39980000
0$
#39990000
b110000 7
b1001001 2
1$
#40000000
0$
#40010000
b1001010 2
b110001 7
1$
#40020000
0$
#40030000
0#
b0 7
b1001011 2
1$
#40040000
0$
#40050000
b1001100 2
b1 7
1$
#40060000
0$
#40070000
b10 7
b1001101 2
1$
#40080000
0$
#40090000
b1001110 2
b11 7
1$
#40100000
0$
#40110000
b100 7
b1001111 2
1$
#40120000
0$
#40130000
b1010000 2
b101 7
1$
#40140000
0$
#40150000
b110 7
b1010001 2
1$
#40160000
0$
#40170000
b1010010 2
b111 7
1$
#40180000
0$
#40190000
b1000 7
b1010011 2
1$
#40200000
0$
#40210000
b1010100 2
b1001 7
1$
#40220000
0$
#40230000
b1010 7
b1010101 2
1$
#40240000
0$
#40250000
b1010110 2
b1011 7
1$
#40260000
0$
#40270000
b1100 7
b1010111 2
1$
#40280000
0$
#40290000
b1011000 2
b1101 7
1$
#40300000
0$
#40310000
b1110 7
b1011001 2
1$
#40320000
0$
#40330000
b1011010 2
b1111 7
1$
#40340000
0$
#40350000
b10000 7
b1011011 2
1$
#40360000
0$
#40370000
b1011100 2
b10001 7
1$
#40380000
0$
#40390000
b10010 7
b1011101 2
1$
#40400000
0$
#40410000
b1011110 2
b10011 7
1$
#40420000
0$
#40430000
b10100 7
b1011111 2
1$
#40440000
0$
#40450000
b1100000 2
b10101 7
1$
#40460000
0$
#40470000
b10110 7
b1100001 2
1$
#40480000
0$
#40490000
b1100010 2
b10111 7
1$
#40500000
0$
#40510000
b11000 7
b1100011 2
1$
#40520000
0$
#40530000
b100 1
b0 2
b11001 7
1$
#40540000
0$
#40550000
b11010 7
b1 2
1$
#40560000
0$
#40570000
b10 2
b11011 7
1$
#40580000
0$
#40590000
b11100 7
b11 2
1$
#40600000
0$
#40610000
b100 2
b11101 7
1$
#40620000
0$
#40630000
b11110 7
b101 2
1$
#40640000
0$
#40650000
b110 2
b11111 7
1$
#40660000
0$
#40670000
b100000 7
b111 2
1$
#40680000
0$
#40690000
b1000 2
b100001 7
1$
#40700000
0$
#40710000
b100010 7
b1001 2
1$
#40720000
0$
#40730000
b1010 2
b100011 7
1$
#40740000
0$
#40750000
b100100 7
b1011 2
1$
#40760000
0$
#40770000
b1100 2
b100101 7
1$
#40780000
0$
#40790000
b100110 7
b1101 2
1$
#40800000
0$
#40810000
b1110 2
b100111 7
1$
#40820000
0$
#40830000
b101000 7
b1111 2
1$
#40840000
0$
#40850000
b10000 2
b101001 7
1$
#40860000
0$
#40870000
b101010 7
b10001 2
1$
#40880000
0$
#40890000
b10010 2
b101011 7
1$
#40900000
0$
#40910000
b101100 7
b10011 2
1$
#40920000
0$
#40930000
b10100 2
b101101 7
1$
#40940000
0$
#40950000
b101110 7
b10101 2
1$
#40960000
0$
#40970000
b10110 2
b101111 7
1$
#40980000
0$
#40990000
b110000 7
b10111 2
1$
#41000000
0$
#41010000
b11000 2
b110001 7
1$
#41020000
0$
#41030000
1#
b0 7
b11001 2
1$
#41040000
0$
#41050000
b11010 2
b1 7
1$
#41060000
0$
#41070000
b10 7
b11011 2
1$
#41080000
0$
#41090000
b11100 2
b11 7
1$
#41100000
0$
#41110000
b100 7
b11101 2
1$
#41120000
0$
#41130000
b11110 2
b101 7
1$
#41140000
0$
#41150000
b110 7
b11111 2
1$
#41160000
0$
#41170000
b100000 2
b111 7
1$
#41180000
0$
#41190000
b1000 7
b100001 2
1$
#41200000
0$
#41210000
b100010 2
b1001 7
1$
#41220000
0$
#41230000
b1010 7
b100011 2
1$
#41240000
0$
#41250000
b100100 2
b1011 7
1$
#41260000
0$
#41270000
b1100 7
b100101 2
1$
#41280000
0$
#41290000
b100110 2
b1101 7
1$
#41300000
0$
#41310000
b1110 7
b100111 2
1$
#41320000
0$
#41330000
b101000 2
b1111 7
1$
#41340000
0$
#41350000
b10000 7
b101001 2
1$
#41360000
0$
#41370000
b101010 2
b10001 7
1$
#41380000
0$
#41390000
b10010 7
b101011 2
1$
#41400000
0$
#41410000
b101100 2
b10011 7
1$
#41420000
0$
#41430000
b10100 7
b101101 2
1$
#41440000
0$
#41450000
b101110 2
b10101 7
1$
#41460000
0$
#41470000
b10110 7
b101111 2
1$
#41480000
0$
#41490000
b110000 2
b10111 7
1$
#41500000
0$
#41510000
b11000 7
b110001 2
1$
#41520000
0$
#41530000
b110010 2
b11001 7
1$
#41540000
0$
#41550000
b11010 7
b110011 2
1$
#41560000
0$
#41570000
b110100 2
b11011 7
1$
#41580000
0$
#41590000
b11100 7
b110101 2
1$
#41600000
0$
#41610000
b110110 2
b11101 7
1$
#41620000
0$
#41630000
b11110 7
b110111 2
1$
#41640000
0$
#41650000
b111000 2
b11111 7
1$
#41660000
0$
#41670000
b100000 7
b111001 2
1$
#41680000
0$
#41690000
b111010 2
b100001 7
1$
#41700000
0$
#41710000
b100010 7
b111011 2
1$
#41720000
0$
#41730000
b111100 2
b100011 7
1$
#41740000
0$
#41750000
b100100 7
b111101 2
1$
#41760000
0$
#41770000
b111110 2
b100101 7
1$
#41780000
0$
#41790000
b100110 7
b111111 2
1$
#41800000
0$
#41810000
b1000000 2
b100111 7
1$
#41820000
0$
#41830000
b101000 7
b1000001 2
1$
#41840000
0$
#41850000
b1000010 2
b101001 7
1$
#41860000
0$
#41870000
b101010 7
b1000011 2
1$
#41880000
0$
#41890000
b1000100 2
b101011 7
1$
#41900000
0$
#41910000
b101100 7
b1000101 2
1$
#41920000
0$
#41930000
b1000110 2
b101101 7
1$
#41940000
0$
#41950000
b101110 7
b1000111 2
1$
#41960000
0$
#41970000
b1001000 2
b101111 7
1$
#41980000
0$
#41990000
b110000 7
b1001001 2
1$
#42000000
0$
#42010000
b1001010 2
b110001 7
1$
#42020000
0$
#42030000
0#
b0 7
b1001011 2
1$
#42040000
0$
#42050000
b1001100 2
b1 7
1$
#42060000
0$
#42070000
b10 7
b1001101 2
1$
#42080000
0$
#42090000
b1001110 2
b11 7
1$
#42100000
0$
#42110000
b100 7
b1001111 2
1$
#42120000
0$
#42130000
b1010000 2
b101 7
1$
#42140000
0$
#42150000
b110 7
b1010001 2
1$
#42160000
0$
#42170000
b1010010 2
b111 7
1$
#42180000
0$
#42190000
b1000 7
b1010011 2
1$
#42200000
0$
#42210000
b1010100 2
b1001 7
1$
#42220000
0$
#42230000
b1010 7
b1010101 2
1$
#42240000
0$
#42250000
b1010110 2
b1011 7
1$
#42260000
0$
#42270000
b1100 7
b1010111 2
1$
#42280000
0$
#42290000
b1011000 2
b1101 7
1$
#42300000
0$
#42310000
b1110 7
b1011001 2
1$
#42320000
0$
#42330000
b1011010 2
b1111 7
1$
#42340000
0$
#42350000
b10000 7
b1011011 2
1$
#42360000
0$
#42370000
b1011100 2
b10001 7
1$
#42380000
0$
#42390000
b10010 7
b1011101 2
1$
#42400000
0$
#42410000
b1011110 2
b10011 7
1$
#42420000
0$
#42430000
b10100 7
b1011111 2
1$
#42440000
0$
#42450000
b1100000 2
b10101 7
1$
#42460000
0$
#42470000
b10110 7
b1100001 2
1$
#42480000
0$
#42490000
b1100010 2
b10111 7
1$
#42500000
0$
#42510000
b11000 7
b1100011 2
1$
#42520000
0$
#42530000
b101 1
b0 2
b11001 7
1$
#42540000
0$
#42550000
b11010 7
b1 2
1$
#42560000
0$
#42570000
b10 2
b11011 7
1$
#42580000
0$
#42590000
b11100 7
b11 2
1$
#42600000
0$
#42610000
b100 2
b11101 7
1$
#42620000
0$
#42630000
b11110 7
b101 2
1$
#42640000
0$
#42650000
b110 2
b11111 7
1$
#42660000
0$
#42670000
b100000 7
b111 2
1$
#42680000
0$
#42690000
b1000 2
b100001 7
1$
#42700000
0$
#42710000
b100010 7
b1001 2
1$
#42720000
0$
#42730000
b1010 2
b100011 7
1$
#42740000
0$
#42750000
b100100 7
b1011 2
1$
#42760000
0$
#42770000
b1100 2
b100101 7
1$
#42780000
0$
#42790000
b100110 7
b1101 2
1$
#42800000
0$
#42810000
b1110 2
b100111 7
1$
#42820000
0$
#42830000
b101000 7
b1111 2
1$
#42840000
0$
#42850000
b10000 2
b101001 7
1$
#42860000
0$
#42870000
b101010 7
b10001 2
1$
#42880000
0$
#42890000
b10010 2
b101011 7
1$
#42900000
0$
#42910000
b101100 7
b10011 2
1$
#42920000
0$
#42930000
b10100 2
b101101 7
1$
#42940000
0$
#42950000
b101110 7
b10101 2
1$
#42960000
0$
#42970000
b10110 2
b101111 7
1$
#42980000
0$
#42990000
b110000 7
b10111 2
1$
#43000000
0$
#43010000
b11000 2
b110001 7
1$
#43020000
0$
#43030000
1#
b0 7
b11001 2
1$
#43040000
0$
#43050000
b11010 2
b1 7
1$
#43060000
0$
#43070000
b10 7
b11011 2
1$
#43080000
0$
#43090000
b11100 2
b11 7
1$
#43100000
0$
#43110000
b100 7
b11101 2
1$
#43120000
0$
#43130000
b11110 2
b101 7
1$
#43140000
0$
#43150000
b110 7
b11111 2
1$
#43160000
0$
#43170000
b100000 2
b111 7
1$
#43180000
0$
#43190000
b1000 7
b100001 2
1$
#43200000
0$
#43210000
b100010 2
b1001 7
1$
#43220000
0$
#43230000
b1010 7
b100011 2
1$
#43240000
0$
#43250000
b100100 2
b1011 7
1$
#43260000
0$
#43270000
b1100 7
b100101 2
1$
#43280000
0$
#43290000
b100110 2
b1101 7
1$
#43300000
0$
#43310000
b1110 7
b100111 2
1$
#43320000
0$
#43330000
b101000 2
b1111 7
1$
#43340000
0$
#43350000
b10000 7
b101001 2
1$
#43360000
0$
#43370000
b101010 2
b10001 7
1$
#43380000
0$
#43390000
b10010 7
b101011 2
1$
#43400000
0$
#43410000
b101100 2
b10011 7
1$
#43420000
0$
#43430000
b10100 7
b101101 2
1$
#43440000
0$
#43450000
b101110 2
b10101 7
1$
#43460000
0$
#43470000
b10110 7
b101111 2
1$
#43480000
0$
#43490000
b110000 2
b10111 7
1$
#43500000
0$
#43510000
b11000 7
b110001 2
1$
#43520000
0$
#43530000
b110010 2
b11001 7
1$
#43540000
0$
#43550000
b11010 7
b110011 2
1$
#43560000
0$
#43570000
b110100 2
b11011 7
1$
#43580000
0$
#43590000
b11100 7
b110101 2
1$
#43600000
0$
#43610000
b110110 2
b11101 7
1$
#43620000
0$
#43630000
b11110 7
b110111 2
1$
#43640000
0$
#43650000
b111000 2
b11111 7
1$
#43660000
0$
#43670000
b100000 7
b111001 2
1$
#43680000
0$
#43690000
b111010 2
b100001 7
1$
#43700000
0$
#43710000
b100010 7
b111011 2
1$
#43720000
0$
#43730000
b111100 2
b100011 7
1$
#43740000
0$
#43750000
b100100 7
b111101 2
1$
#43760000
0$
#43770000
b111110 2
b100101 7
1$
#43780000
0$
#43790000
b100110 7
b111111 2
1$
#43800000
0$
#43810000
b1000000 2
b100111 7
1$
#43820000
0$
#43830000
b101000 7
b1000001 2
1$
#43840000
0$
#43850000
b1000010 2
b101001 7
1$
#43860000
0$
#43870000
b101010 7
b1000011 2
1$
#43880000
0$
#43890000
b1000100 2
b101011 7
1$
#43900000
0$
#43910000
b101100 7
b1000101 2
1$
#43920000
0$
#43930000
b1000110 2
b101101 7
1$
#43940000
0$
#43950000
b101110 7
b1000111 2
1$
#43960000
0$
#43970000
b1001000 2
b101111 7
1$
#43980000
0$
#43990000
b110000 7
b1001001 2
1$
#44000000
0$
#44010000
b1001010 2
b110001 7
1$
#44020000
0$
#44030000
0#
b0 7
b1001011 2
1$
#44040000
0$
#44050000
b1001100 2
b1 7
1$
#44060000
0$
#44070000
b10 7
b1001101 2
1$
#44080000
0$
#44090000
b1001110 2
b11 7
1$
#44100000
0$
#44110000
b100 7
b1001111 2
1$
#44120000
0$
#44130000
b1010000 2
b101 7
1$
#44140000
0$
#44150000
b110 7
b1010001 2
1$
#44160000
0$
#44170000
b1010010 2
b111 7
1$
#44180000
0$
#44190000
b1000 7
b1010011 2
1$
#44200000
0$
#44210000
b1010100 2
b1001 7
1$
#44220000
0$
#44230000
b1010 7
b1010101 2
1$
#44240000
0$
#44250000
b1010110 2
b1011 7
1$
#44260000
0$
#44270000
b1100 7
b1010111 2
1$
#44280000
0$
#44290000
b1011000 2
b1101 7
1$
#44300000
0$
#44310000
b1110 7
b1011001 2
1$
#44320000
0$
#44330000
b1011010 2
b1111 7
1$
#44340000
0$
#44350000
b10000 7
b1011011 2
1$
#44360000
0$
#44370000
b1011100 2
b10001 7
1$
#44380000
0$
#44390000
b10010 7
b1011101 2
1$
#44400000
0$
#44410000
b1011110 2
b10011 7
1$
#44420000
0$
#44430000
b10100 7
b1011111 2
1$
#44440000
0$
#44450000
b1100000 2
b10101 7
1$
#44460000
0$
#44470000
b10110 7
b1100001 2
1$
#44480000
0$
#44490000
b1100010 2
b10111 7
1$
#44500000
0$
#44510000
b11000 7
b1100011 2
1$
#44520000
0$
#44530000
b110 1
b0 2
b11001 7
1$
#44540000
0$
#44550000
b11010 7
b1 2
1$
#44560000
0$
#44570000
b10 2
b11011 7
1$
#44580000
0$
#44590000
b11100 7
b11 2
1$
#44600000
0$
#44610000
b100 2
b11101 7
1$
#44620000
0$
#44630000
b11110 7
b101 2
1$
#44640000
0$
#44650000
b110 2
b11111 7
1$
#44660000
0$
#44670000
b100000 7
b111 2
1$
#44680000
0$
#44690000
b1000 2
b100001 7
1$
#44700000
0$
#44710000
b100010 7
b1001 2
1$
#44720000
0$
#44730000
b1010 2
b100011 7
1$
#44740000
0$
#44750000
b100100 7
b1011 2
1$
#44760000
0$
#44770000
b1100 2
b100101 7
1$
#44780000
0$
#44790000
b100110 7
b1101 2
1$
#44800000
0$
#44810000
b1110 2
b100111 7
1$
#44820000
0$
#44830000
b101000 7
b1111 2
1$
#44840000
0$
#44850000
b10000 2
b101001 7
1$
#44860000
0$
#44870000
b101010 7
b10001 2
1$
#44880000
0$
#44890000
b10010 2
b101011 7
1$
#44900000
0$
#44910000
b101100 7
b10011 2
1$
#44920000
0$
#44930000
b10100 2
b101101 7
1$
#44940000
0$
#44950000
b101110 7
b10101 2
1$
#44960000
0$
#44970000
b10110 2
b101111 7
1$
#44980000
0$
#44990000
b110000 7
b10111 2
1$
#45000000
0$
#45010000
b11000 2
b110001 7
1$
#45020000
0$
#45030000
1#
b0 7
b11001 2
1$
#45040000
0$
#45050000
b11010 2
b1 7
1$
#45060000
0$
#45070000
b10 7
b11011 2
1$
#45080000
0$
#45090000
b11100 2
b11 7
1$
#45100000
0$
#45110000
b100 7
b11101 2
1$
#45120000
0$
#45130000
b11110 2
b101 7
1$
#45140000
0$
#45150000
b110 7
b11111 2
1$
#45160000
0$
#45170000
b100000 2
b111 7
1$
#45180000
0$
#45190000
b1000 7
b100001 2
1$
#45200000
0$
#45210000
b100010 2
b1001 7
1$
#45220000
0$
#45230000
b1010 7
b100011 2
1$
#45240000
0$
#45250000
b100100 2
b1011 7
1$
#45260000
0$
#45270000
b1100 7
b100101 2
1$
#45280000
0$
#45290000
b100110 2
b1101 7
1$
#45300000
0$
#45310000
b1110 7
b100111 2
1$
#45320000
0$
#45330000
b101000 2
b1111 7
1$
#45340000
0$
#45350000
b10000 7
b101001 2
1$
#45360000
0$
#45370000
b101010 2
b10001 7
1$
#45380000
0$
#45390000
b10010 7
b101011 2
1$
#45400000
0$
#45410000
b101100 2
b10011 7
1$
#45420000
0$
#45430000
b10100 7
b101101 2
1$
#45440000
0$
#45450000
b101110 2
b10101 7
1$
#45460000
0$
#45470000
b10110 7
b101111 2
1$
#45480000
0$
#45490000
b110000 2
b10111 7
1$
#45500000
0$
#45510000
b11000 7
b110001 2
1$
#45520000
0$
#45530000
b110010 2
b11001 7
1$
#45540000
0$
#45550000
b11010 7
b110011 2
1$
#45560000
0$
#45570000
b110100 2
b11011 7
1$
#45580000
0$
#45590000
b11100 7
b110101 2
1$
#45600000
0$
#45610000
b110110 2
b11101 7
1$
#45620000
0$
#45630000
b11110 7
b110111 2
1$
#45640000
0$
#45650000
b111000 2
b11111 7
1$
#45660000
0$
#45670000
b100000 7
b111001 2
1$
#45680000
0$
#45690000
b111010 2
b100001 7
1$
#45700000
0$
#45710000
b100010 7
b111011 2
1$
#45720000
0$
#45730000
b111100 2
b100011 7
1$
#45740000
0$
#45750000
b100100 7
b111101 2
1$
#45760000
0$
#45770000
b111110 2
b100101 7
1$
#45780000
0$
#45790000
b100110 7
b111111 2
1$
#45800000
0$
#45810000
b1000000 2
b100111 7
1$
#45820000
0$
#45830000
b101000 7
b1000001 2
1$
#45840000
0$
#45850000
b1000010 2
b101001 7
1$
#45860000
0$
#45870000
b101010 7
b1000011 2
1$
#45880000
0$
#45890000
b1000100 2
b101011 7
1$
#45900000
0$
#45910000
b101100 7
b1000101 2
1$
#45920000
0$
#45930000
b1000110 2
b101101 7
1$
#45940000
0$
#45950000
b101110 7
b1000111 2
1$
#45960000
0$
#45970000
b1001000 2
b101111 7
1$
#45980000
0$
#45990000
b110000 7
b1001001 2
1$
#46000000
0$
#46010000
b1001010 2
b110001 7
1$
#46020000
0$
#46030000
0#
b0 7
b1001011 2
1$
#46040000
0$
#46050000
b1001100 2
b1 7
1$
#46060000
0$
#46070000
b10 7
b1001101 2
1$
#46080000
0$
#46090000
b1001110 2
b11 7
1$
#46100000
0$
#46110000
b100 7
b1001111 2
1$
#46120000
0$
#46130000
b1010000 2
b101 7
1$
#46140000
0$
#46150000
b110 7
b1010001 2
1$
#46160000
0$
#46170000
b1010010 2
b111 7
1$
#46180000
0$
#46190000
b1000 7
b1010011 2
1$
#46200000
0$
#46210000
b1010100 2
b1001 7
1$
#46220000
0$
#46230000
b1010 7
b1010101 2
1$
#46240000
0$
#46250000
b1010110 2
b1011 7
1$
#46260000
0$
#46270000
b1100 7
b1010111 2
1$
#46280000
0$
#46290000
b1011000 2
b1101 7
1$
#46300000
0$
#46310000
b1110 7
b1011001 2
1$
#46320000
0$
#46330000
b1011010 2
b1111 7
1$
#46340000
0$
#46350000
b10000 7
b1011011 2
1$
#46360000
0$
#46370000
b1011100 2
b10001 7
1$
#46380000
0$
#46390000
b10010 7
b1011101 2
1$
#46400000
0$
#46410000
b1011110 2
b10011 7
1$
#46420000
0$
#46430000
b10100 7
b1011111 2
1$
#46440000
0$
#46450000
b1100000 2
b10101 7
1$
#46460000
0$
#46470000
b10110 7
b1100001 2
1$
#46480000
0$
#46490000
b1100010 2
b10111 7
1$
#46500000
0$
#46510000
b11000 7
b1100011 2
1$
#46520000
0$
#46530000
b111 1
b0 2
b11001 7
1$
#46540000
0$
#46550000
b11010 7
b1 2
1$
#46560000
0$
#46570000
b10 2
b11011 7
1$
#46580000
0$
#46590000
b11100 7
b11 2
1$
#46600000
0$
#46610000
b100 2
b11101 7
1$
#46620000
0$
#46630000
b11110 7
b101 2
1$
#46640000
0$
#46650000
b110 2
b11111 7
1$
#46660000
0$
#46670000
b100000 7
b111 2
1$
#46680000
0$
#46690000
b1000 2
b100001 7
1$
#46700000
0$
#46710000
b100010 7
b1001 2
1$
#46720000
0$
#46730000
b1010 2
b100011 7
1$
#46740000
0$
#46750000
b100100 7
b1011 2
1$
#46760000
0$
#46770000
b1100 2
b100101 7
1$
#46780000
0$
#46790000
b100110 7
b1101 2
1$
#46800000
0$
#46810000
b1110 2
b100111 7
1$
#46820000
0$
#46830000
b101000 7
b1111 2
1$
#46840000
0$
#46850000
b10000 2
b101001 7
1$
#46860000
0$
#46870000
b101010 7
b10001 2
1$
#46880000
0$
#46890000
b10010 2
b101011 7
1$
#46900000
0$
#46910000
b101100 7
b10011 2
1$
#46920000
0$
#46930000
b10100 2
b101101 7
1$
#46940000
0$
#46950000
b101110 7
b10101 2
1$
#46960000
0$
#46970000
b10110 2
b101111 7
1$
#46980000
0$
#46990000
b110000 7
b10111 2
1$
#47000000
0$
#47010000
b11000 2
b110001 7
1$
#47020000
0$
#47030000
1#
b0 7
b11001 2
1$
#47040000
0$
#47050000
b11010 2
b1 7
1$
#47060000
0$
#47070000
b10 7
b11011 2
1$
#47080000
0$
#47090000
b11100 2
b11 7
1$
#47100000
0$
#47110000
b100 7
b11101 2
1$
#47120000
0$
#47130000
b11110 2
b101 7
1$
#47140000
0$
#47150000
b110 7
b11111 2
1$
#47160000
0$
#47170000
b100000 2
b111 7
1$
#47180000
0$
#47190000
b1000 7
b100001 2
1$
#47200000
0$
#47210000
b100010 2
b1001 7
1$
#47220000
0$
#47230000
b1010 7
b100011 2
1$
#47240000
0$
#47250000
b100100 2
b1011 7
1$
#47260000
0$
#47270000
b1100 7
b100101 2
1$
#47280000
0$
#47290000
b100110 2
b1101 7
1$
#47300000
0$
#47310000
b1110 7
b100111 2
1$
#47320000
0$
#47330000
b101000 2
b1111 7
1$
#47340000
0$
#47350000
b10000 7
b101001 2
1$
#47360000
0$
#47370000
b101010 2
b10001 7
1$
#47380000
0$
#47390000
b10010 7
b101011 2
1$
#47400000
0$
#47410000
b101100 2
b10011 7
1$
#47420000
0$
#47430000
b10100 7
b101101 2
1$
#47440000
0$
#47450000
b101110 2
b10101 7
1$
#47460000
0$
#47470000
b10110 7
b101111 2
1$
#47480000
0$
#47490000
b110000 2
b10111 7
1$
#47500000
0$
#47510000
b11000 7
b110001 2
1$
#47520000
0$
#47530000
b110010 2
b11001 7
1$
#47540000
0$
#47550000
b11010 7
b110011 2
1$
#47560000
0$
#47570000
b110100 2
b11011 7
1$
#47580000
0$
#47590000
b11100 7
b110101 2
1$
#47600000
0$
#47610000
b110110 2
b11101 7
1$
#47620000
0$
#47630000
b11110 7
b110111 2
1$
#47640000
0$
#47650000
b111000 2
b11111 7
1$
#47660000
0$
#47670000
b100000 7
b111001 2
1$
#47680000
0$
#47690000
b111010 2
b100001 7
1$
#47700000
0$
#47710000
b100010 7
b111011 2
1$
#47720000
0$
#47730000
b111100 2
b100011 7
1$
#47740000
0$
#47750000
b100100 7
b111101 2
1$
#47760000
0$
#47770000
b111110 2
b100101 7
1$
#47780000
0$
#47790000
b100110 7
b111111 2
1$
#47800000
0$
#47810000
b1000000 2
b100111 7
1$
#47820000
0$
#47830000
b101000 7
b1000001 2
1$
#47840000
0$
#47850000
b1000010 2
b101001 7
1$
#47860000
0$
#47870000
b101010 7
b1000011 2
1$
#47880000
0$
#47890000
b1000100 2
b101011 7
1$
#47900000
0$
#47910000
b101100 7
b1000101 2
1$
#47920000
0$
#47930000
b1000110 2
b101101 7
1$
#47940000
0$
#47950000
b101110 7
b1000111 2
1$
#47960000
0$
#47970000
b1001000 2
b101111 7
1$
#47980000
0$
#47990000
b110000 7
b1001001 2
1$
#48000000
0$
#48010000
b1001010 2
b110001 7
1$
#48020000
0$
#48030000
0#
b0 7
b1001011 2
1$
#48040000
0$
#48050000
b1001100 2
b1 7
1$
#48060000
0$
#48070000
b10 7
b1001101 2
1$
#48080000
0$
#48090000
b1001110 2
b11 7
1$
#48100000
0$
#48110000
b100 7
b1001111 2
1$
#48120000
0$
#48130000
b1010000 2
b101 7
1$
#48140000
0$
#48150000
b110 7
b1010001 2
1$
#48160000
0$
#48170000
b1010010 2
b111 7
1$
#48180000
0$
#48190000
b1000 7
b1010011 2
1$
#48200000
0$
#48210000
b1010100 2
b1001 7
1$
#48220000
0$
#48230000
b1010 7
b1010101 2
1$
#48240000
0$
#48250000
b1010110 2
b1011 7
1$
#48260000
0$
#48270000
b1100 7
b1010111 2
1$
#48280000
0$
#48290000
b1011000 2
b1101 7
1$
#48300000
0$
#48310000
b1110 7
b1011001 2
1$
#48320000
0$
#48330000
b1011010 2
b1111 7
1$
#48340000
0$
#48350000
b10000 7
b1011011 2
1$
#48360000
0$
#48370000
b1011100 2
b10001 7
1$
#48380000
0$
#48390000
b10010 7
b1011101 2
1$
#48400000
0$
#48410000
b1011110 2
b10011 7
1$
#48420000
0$
#48430000
b10100 7
b1011111 2
1$
#48440000
0$
#48450000
b1100000 2
b10101 7
1$
#48460000
0$
#48470000
b10110 7
b1100001 2
1$
#48480000
0$
#48490000
b1100010 2
b10111 7
1$
#48500000
0$
#48510000
b11000 7
b1100011 2
1$
#48520000
0$
#48530000
b0 1
1!
0"
04
b0 2
b11001 7
1$
#48540000
0$
#48550000
b11010 7
0!
1$
#48560000
0$
#48570000
b11011 7
1$
#48580000
0$
#48590000
b11100 7
1$
#48600000
0$
#48610000
b11101 7
1$
#48620000
0$
#48630000
b11110 7
1$
#48640000
0$
#48650000
b11111 7
1$
#48660000
0$
#48670000
b100000 7
1$
#48680000
0$
#48690000
b100001 7
1$
#48700000
0$
#48710000
b100010 7
1$
#48720000
0$
#48730000
b100011 7
1$
b10110110 8
#48740000
1%
b10110110 &
b10110110 (
b10110110 .
0$
#48750000
b100100 7
14
1"
1)
b10110110 3
1$
#48760000
0%
0$
#48770000
b1 2
1#
b0 7
1$
#48780000
0$
#48790000
b1 7
b10 2
1$
#48800000
0$
#48810000
b11 2
b10 7
1$
#48820000
0$
#48830000
b11 7
b100 2
1$
#48840000
0$
#48850000
b101 2
b100 7
1$
#48860000
0$
#48870000
b101 7
b110 2
1$
#48880000
0$
#48890000
b111 2
b110 7
1$
#48900000
0$
#48910000
b111 7
b1000 2
1$
#48920000
0$
#48930000
b1001 2
b1000 7
1$
#48940000
0$
#48950000
b1001 7
b1010 2
1$
#48960000
0$
#48970000
b1011 2
b1010 7
1$
#48980000
0$
#48990000
b1011 7
b1100 2
1$
#49000000
0$
#49010000
b1101 2
b1100 7
1$
#49020000
0$
#49030000
b1101 7
b1110 2
1$
#49040000
0$
#49050000
b1111 2
b1110 7
1$
#49060000
0$
#49070000
b1111 7
b10000 2
1$
#49080000
0$
#49090000
b10001 2
b10000 7
1$
#49100000
0$
#49110000
b10001 7
b10010 2
1$
#49120000
0$
#49130000
b10011 2
b10010 7
1$
#49140000
0$
#49150000
b10011 7
b10100 2
1$
#49160000
0$
#49170000
b10101 2
b10100 7
1$
#49180000
0$
#49190000
b10101 7
b10110 2
1$
#49200000
0$
#49210000
b10111 2
b10110 7
1$
#49220000
0$
#49230000
b10111 7
b11000 2
1$
#49240000
0$
#49250000
b11001 2
b11000 7
1$
#49260000
0$
#49270000
0#
b0 7
b11010 2
1$
#49280000
0$
#49290000
b11011 2
b1 7
1$
#49300000
0$
#49310000
b10 7
b11100 2
1$
#49320000
0$
#49330000
b11101 2
b11 7
1$
#49340000
0$
#49350000
b100 7
b11110 2
1$
#49360000
0$
#49370000
b11111 2
b101 7
1$
#49380000
0$
#49390000
b110 7
b100000 2
1$
#49400000
0$
#49410000
b100001 2
b111 7
1$
#49420000
0$
#49430000
b1000 7
b100010 2
1$
#49440000
0$
#49450000
b100011 2
b1001 7
1$
#49460000
0$
#49470000
b1010 7
b100100 2
1$
#49480000
0$
#49490000
b100101 2
b1011 7
1$
#49500000
0$
#49510000
b1100 7
b100110 2
1$
#49520000
0$
#49530000
b100111 2
b1101 7
1$
#49540000
0$
#49550000
b1110 7
b101000 2
1$
#49560000
0$
#49570000
b101001 2
b1111 7
1$
#49580000
0$
#49590000
b10000 7
b101010 2
1$
#49600000
0$
#49610000
b101011 2
b10001 7
1$
#49620000
0$
#49630000
b10010 7
b101100 2
1$
#49640000
0$
#49650000
b101101 2
b10011 7
1$
#49660000
0$
#49670000
b10100 7
b101110 2
1$
#49680000
0$
#49690000
b101111 2
b10101 7
1$
#49700000
0$
#49710000
b10110 7
b110000 2
1$
#49720000
0$
#49730000
b110001 2
b10111 7
1$
#49740000
0$
#49750000
b11000 7
b110010 2
1$
#49760000
0$
#49770000
b110011 2
1#
b0 7
1$
#49780000
0$
#49790000
b1 7
b110100 2
1$
#49800000
0$
#49810000
b110101 2
b10 7
1$
#49820000
0$
#49830000
b11 7
b110110 2
1$
#49840000
0$
#49850000
b110111 2
b100 7
1$
#49860000
0$
#49870000
b101 7
b111000 2
1$
#49880000
0$
#49890000
b111001 2
b110 7
1$
#49900000
0$
#49910000
b111 7
b111010 2
1$
#49920000
0$
#49930000
b111011 2
b1000 7
1$
#49940000
0$
#49950000
b1001 7
b111100 2
1$
#49960000
0$
#49970000
b111101 2
b1010 7
1$
#49980000
0$
#49990000
b1011 7
b111110 2
1$
#50000000
0$
#50010000
b111111 2
b1100 7
1$
#50020000
0$
#50030000
b1101 7
b1000000 2
1$
#50040000
0$
#50050000
b1000001 2
b1110 7
1$
#50060000
0$
#50070000
b1111 7
b1000010 2
1$
#50080000
0$
#50090000
b1000011 2
b10000 7
1$
#50100000
0$
#50110000
b10001 7
b1000100 2
1$
#50120000
0$
#50130000
b1000101 2
b10010 7
1$
#50140000
0$
#50150000
b10011 7
b1000110 2
1$
#50160000
0$
#50170000
b1000111 2
b10100 7
1$
#50180000
0$
#50190000
b10101 7
b1001000 2
1$
#50200000
0$
#50210000
b1001001 2
b10110 7
1$
#50220000
0$
#50230000
b10111 7
b1001010 2
1$
#50240000
0$
#50250000
b1001011 2
b11000 7
1$
#50260000
0$
#50270000
0#
b0 7
b1001100 2
1$
#50280000
0$
#50290000
b1001101 2
b1 7
1$
#50300000
0$
#50310000
b10 7
b1001110 2
1$
#50320000
0$
#50330000
b1001111 2
b11 7
1$
#50340000
0$
#50350000
b100 7
b1010000 2
1$
#50360000
0$
#50370000
b1010001 2
b101 7
1$
#50380000
0$
#50390000
b110 7
b1010010 2
1$
#50400000
0$
#50410000
b1010011 2
b111 7
1$
#50420000
0$
#50430000
b1000 7
b1010100 2
1$
#50440000
0$
#50450000
b1010101 2
b1001 7
1$
#50460000
0$
#50470000
b1010 7
b1010110 2
1$
#50480000
0$
#50490000
b1010111 2
b1011 7
1$
#50500000
0$
#50510000
b1100 7
b1011000 2
1$
#50520000
0$
#50530000
b1011001 2
b1101 7
1$
#50540000
0$
#50550000
b1110 7
b1011010 2
1$
#50560000
0$
#50570000
b1011011 2
b1111 7
1$
#50580000
0$
#50590000
b10000 7
b1011100 2
1$
#50600000
0$
#50610000
b1011101 2
b10001 7
1$
#50620000
0$
#50630000
b10010 7
b1011110 2
1$
#50640000
0$
#50650000
b1011111 2
b10011 7
1$
#50660000
0$
#50670000
b10100 7
b1100000 2
1$
#50680000
0$
#50690000
b1100001 2
b10101 7
1$
#50700000
0$
#50710000
b10110 7
b1100010 2
1$
#50720000
0$
#50730000
b1100011 2
b10111 7
1$
#50740000
0$
#50750000
b11000 7
b1 1
0)
b1101100 3
b0 2
1$
#50760000
0$
#50770000
b1 2
b11001 7
1$
#50780000
0$
#50790000
b11010 7
b10 2
1$
#50800000
0$
#50810000
b11 2
b11011 7
1$
#50820000
0$
#50830000
b11100 7
b100 2
1$
#50840000
0$
#50850000
b101 2
b11101 7
1$
#50860000
0$
#50870000
b11110 7
b110 2
1$
#50880000
0$
#50890000
b111 2
b11111 7
1$
#50900000
0$
#50910000
b100000 7
b1000 2
1$
#50920000
0$
#50930000
b1001 2
b100001 7
1$
#50940000
0$
#50950000
b100010 7
b1010 2
1$
#50960000
0$
#50970000
b1011 2
b100011 7
1$
#50980000
0$
#50990000
b100100 7
b1100 2
1$
#51000000
0$
#51010000
b1101 2
b100101 7
1$
#51020000
0$
#51030000
b100110 7
b1110 2
1$
#51040000
0$
#51050000
b1111 2
b100111 7
1$
#51060000
0$
#51070000
b101000 7
b10000 2
1$
#51080000
0$
#51090000
b10001 2
b101001 7
1$
#51100000
0$
#51110000
b101010 7
b10010 2
1$
#51120000
0$
#51130000
b10011 2
b101011 7
1$
#51140000
0$
#51150000
b101100 7
b10100 2
1$
#51160000
0$
#51170000
b10101 2
b101101 7
1$
#51180000
0$
#51190000
b101110 7
b10110 2
1$
#51200000
0$
#51210000
b10111 2
b101111 7
1$
#51220000
0$
#51230000
b110000 7
b11000 2
1$
#51240000
0$
#51250000
b11001 2
b110001 7
1$
#51260000
0$
#51270000
1#
b0 7
b11010 2
1$
#51280000
0$
#51290000
b11011 2
b1 7
1$
#51300000
0$
#51310000
b10 7
b11100 2
1$
#51320000
0$
#51330000
b11101 2
b11 7
1$
#51340000
0$
#51350000
b100 7
b11110 2
1$
#51360000
0$
#51370000
b11111 2
b101 7
1$
#51380000
0$
#51390000
b110 7
b100000 2
1$
#51400000
0$
#51410000
b100001 2
b111 7
1$
#51420000
0$
#51430000
b1000 7
b100010 2
1$
#51440000
0$
#51450000
b100011 2
b1001 7
1$
#51460000
0$
#51470000
b1010 7
b100100 2
1$
#51480000
0$
#51490000
b100101 2
b1011 7
1$
#51500000
0$
#51510000
b1100 7
b100110 2
1$
#51520000
0$
#51530000
b100111 2
b1101 7
1$
#51540000
0$
#51550000
b1110 7
b101000 2
1$
#51560000
0$
#51570000
b101001 2
b1111 7
1$
#51580000
0$
#51590000
b10000 7
b101010 2
1$
#51600000
0$
#51610000
b101011 2
b10001 7
1$
#51620000
0$
#51630000
b10010 7
b101100 2
1$
#51640000
0$
#51650000
b101101 2
b10011 7
1$
#51660000
0$
#51670000
b10100 7
b101110 2
1$
#51680000
0$
#51690000
b101111 2
b10101 7
1$
#51700000
0$
#51710000
b10110 7
b110000 2
1$
#51720000
0$
#51730000
b110001 2
b10111 7
1$
#51740000
0$
#51750000
b11000 7
b110010 2
1$
#51760000
0$
#51770000
b110011 2
b11001 7
1$
#51780000
0$
#51790000
b11010 7
b110100 2
1$
#51800000
0$
#51810000
b110101 2
b11011 7
1$
#51820000
0$
#51830000
b11100 7
b110110 2
1$
#51840000
0$
#51850000
b110111 2
b11101 7
1$
#51860000
0$
#51870000
b11110 7
b111000 2
1$
#51880000
0$
#51890000
b111001 2
b11111 7
1$
#51900000
0$
#51910000
b100000 7
b111010 2
1$
#51920000
0$
#51930000
b111011 2
b100001 7
1$
#51940000
0$
#51950000
b100010 7
b111100 2
1$
#51960000
0$
#51970000
b111101 2
b100011 7
1$
#51980000
0$
#51990000
b100100 7
b111110 2
1$
#52000000
0$
#52010000
b111111 2
b100101 7
1$
#52020000
0$
#52030000
b100110 7
b1000000 2
1$
#52040000
0$
#52050000
b1000001 2
b100111 7
1$
#52060000
0$
#52070000
b101000 7
b1000010 2
1$
#52080000
0$
#52090000
b1000011 2
b101001 7
1$
#52100000
0$
#52110000
b101010 7
b1000100 2
1$
#52120000
0$
#52130000
b1000101 2
b101011 7
1$
#52140000
0$
#52150000
b101100 7
b1000110 2
1$
#52160000
0$
#52170000
b1000111 2
b101101 7
1$
#52180000
0$
#52190000
b101110 7
b1001000 2
1$
#52200000
0$
#52210000
b1001001 2
b101111 7
1$
#52220000
0$
#52230000
b110000 7
b1001010 2
1$
#52240000
0$
#52250000
b1001011 2
b110001 7
1$
#52260000
0$
#52270000
0#
b0 7
b1001100 2
1$
#52280000
0$
#52290000
b1001101 2
b1 7
1$
#52300000
0$
#52310000
b10 7
b1001110 2
1$
#52320000
0$
#52330000
b1001111 2
b11 7
1$
#52340000
0$
#52350000
b100 7
b1010000 2
1$
#52360000
0$
#52370000
b1010001 2
b101 7
1$
#52380000
0$
#52390000
b110 7
b1010010 2
1$
#52400000
0$
#52410000
b1010011 2
b111 7
1$
#52420000
0$
#52430000
b1000 7
b1010100 2
1$
#52440000
0$
#52450000
b1010101 2
b1001 7
1$
#52460000
0$
#52470000
b1010 7
b1010110 2
1$
#52480000
0$
#52490000
b1010111 2
b1011 7
1$
#52500000
0$
#52510000
b1100 7
b1011000 2
1$
#52520000
0$
#52530000
b1011001 2
b1101 7
1$
#52540000
0$
#52550000
b1110 7
b1011010 2
1$
#52560000
0$
#52570000
b1011011 2
b1111 7
1$
#52580000
0$
#52590000
b10000 7
b1011100 2
1$
#52600000
0$
#52610000
b1011101 2
b10001 7
1$
#52620000
0$
#52630000
b10010 7
b1011110 2
1$
#52640000
0$
#52650000
b1011111 2
b10011 7
1$
#52660000
0$
#52670000
b10100 7
b1100000 2
1$
#52680000
0$
#52690000
b1100001 2
b10101 7
1$
#52700000
0$
#52710000
b10110 7
b1100010 2
1$
#52720000
0$
#52730000
b1100011 2
b10111 7
1$
#52740000
0$
#52750000
b11000 7
b10 1
1)
b11011000 3
b0 2
1$
#52760000
0$
#52770000
b1 2
1#
b0 7
1$
#52780000
0$
#52790000
b1 7
b10 2
1$
#52800000
0$
#52810000
b11 2
b10 7
1$
#52820000
0$
#52830000
b11 7
b100 2
1$
#52840000
0$
#52850000
b101 2
b100 7
1$
#52860000
0$
#52870000
b101 7
b110 2
1$
#52880000
0$
#52890000
b111 2
b110 7
1$
#52900000
0$
#52910000
b111 7
b1000 2
1$
#52920000
0$
#52930000
b1001 2
b1000 7
1$
#52940000
0$
#52950000
b1001 7
b1010 2
1$
#52960000
0$
#52970000
b1011 2
b1010 7
1$
#52980000
0$
#52990000
b1011 7
b1100 2
1$
#53000000
0$
#53010000
b1101 2
b1100 7
1$
#53020000
0$
#53030000
b1101 7
b1110 2
1$
#53040000
0$
#53050000
b1111 2
b1110 7
1$
#53060000
0$
#53070000
b1111 7
b10000 2
1$
#53080000
0$
#53090000
b10001 2
b10000 7
1$
#53100000
0$
#53110000
b10001 7
b10010 2
1$
#53120000
0$
#53130000
b10011 2
b10010 7
1$
#53140000
0$
#53150000
b10011 7
b10100 2
1$
#53160000
0$
#53170000
b10101 2
b10100 7
1$
#53180000
0$
#53190000
b10101 7
b10110 2
1$
#53200000
0$
#53210000
b10111 2
b10110 7
1$
#53220000
0$
#53230000
b10111 7
b11000 2
1$
#53240000
0$
#53250000
b11001 2
b11000 7
1$
#53260000
0$
#53270000
0#
b0 7
b11010 2
1$
#53280000
0$
#53290000
b11011 2
b1 7
1$
#53300000
0$
#53310000
b10 7
b11100 2
1$
#53320000
0$
#53330000
b11101 2
b11 7
1$
#53340000
0$
#53350000
b100 7
b11110 2
1$
#53360000
0$
#53370000
b11111 2
b101 7
1$
#53380000
0$
#53390000
b110 7
b100000 2
1$
#53400000
0$
#53410000
b100001 2
b111 7
1$
#53420000
0$
#53430000
b1000 7
b100010 2
1$
#53440000
0$
#53450000
b100011 2
b1001 7
1$
#53460000
0$
#53470000
b1010 7
b100100 2
1$
#53480000
0$
#53490000
b100101 2
b1011 7
1$
#53500000
0$
#53510000
b1100 7
b100110 2
1$
#53520000
0$
#53530000
b100111 2
b1101 7
1$
#53540000
0$
#53550000
b1110 7
b101000 2
1$
#53560000
0$
#53570000
b101001 2
b1111 7
1$
#53580000
0$
#53590000
b10000 7
b101010 2
1$
#53600000
0$
#53610000
b101011 2
b10001 7
1$
#53620000
0$
#53630000
b10010 7
b101100 2
1$
#53640000
0$
#53650000
b101101 2
b10011 7
1$
#53660000
0$
#53670000
b10100 7
b101110 2
1$
#53680000
0$
#53690000
b101111 2
b10101 7
1$
#53700000
0$
#53710000
b10110 7
b110000 2
1$
#53720000
0$
#53730000
b110001 2
b10111 7
1$
#53740000
0$
#53750000
b11000 7
b110010 2
1$
#53760000
0$
#53770000
b110011 2
1#
b0 7
1$
#53780000
0$
#53790000
b1 7
b110100 2
1$
#53800000
0$
#53810000
b110101 2
b10 7
1$
#53820000
0$
#53830000
b11 7
b110110 2
1$
#53840000
0$
#53850000
b110111 2
b100 7
1$
#53860000
0$
#53870000
b101 7
b111000 2
1$
#53880000
0$
#53890000
b111001 2
b110 7
1$
#53900000
0$
#53910000
b111 7
b111010 2
1$
#53920000
0$
#53930000
b111011 2
b1000 7
1$
#53940000
0$
#53950000
b1001 7
b111100 2
1$
#53960000
0$
#53970000
b111101 2
b1010 7
1$
#53980000
0$
#53990000
b1011 7
b111110 2
1$
#54000000
0$
#54010000
b111111 2
b1100 7
1$
#54020000
0$
#54030000
b1101 7
b1000000 2
1$
#54040000
0$
#54050000
b1000001 2
b1110 7
1$
#54060000
0$
#54070000
b1111 7
b1000010 2
1$
#54080000
0$
#54090000
b1000011 2
b10000 7
1$
#54100000
0$
#54110000
b10001 7
b1000100 2
1$
#54120000
0$
#54130000
b1000101 2
b10010 7
1$
#54140000
0$
#54150000
b10011 7
b1000110 2
1$
#54160000
0$
#54170000
b1000111 2
b10100 7
1$
#54180000
0$
#54190000
b10101 7
b1001000 2
1$
#54200000
0$
#54210000
b1001001 2
b10110 7
1$
#54220000
0$
#54230000
b10111 7
b1001010 2
1$
#54240000
0$
#54250000
b1001011 2
b11000 7
1$
#54260000
0$
#54270000
0#
b0 7
b1001100 2
1$
#54280000
0$
#54290000
b1001101 2
b1 7
1$
#54300000
0$
#54310000
b10 7
b1001110 2
1$
#54320000
0$
#54330000
b1001111 2
b11 7
1$
#54340000
0$
#54350000
b100 7
b1010000 2
1$
#54360000
0$
#54370000
b1010001 2
b101 7
1$
#54380000
0$
#54390000
b110 7
b1010010 2
1$
#54400000
0$
#54410000
b1010011 2
b111 7
1$
#54420000
0$
#54430000
b1000 7
b1010100 2
1$
#54440000
0$
#54450000
b1010101 2
b1001 7
1$
#54460000
0$
#54470000
b1010 7
b1010110 2
1$
#54480000
0$
#54490000
b1010111 2
b1011 7
1$
#54500000
0$
#54510000
b1100 7
b1011000 2
1$
#54520000
0$
#54530000
b1011001 2
b1101 7
1$
#54540000
0$
#54550000
b1110 7
b1011010 2
1$
#54560000
0$
#54570000
b1011011 2
b1111 7
1$
#54580000
0$
#54590000
b10000 7
b1011100 2
1$
#54600000
0$
#54610000
b1011101 2
b10001 7
1$
#54620000
0$
#54630000
b10010 7
b1011110 2
1$
#54640000
0$
#54650000
b1011111 2
b10011 7
1$
#54660000
0$
#54670000
b10100 7
b1100000 2
1$
#54680000
0$
#54690000
b1100001 2
b10101 7
1$
#54700000
0$
#54710000
b10110 7
b1100010 2
1$
#54720000
0$
#54730000
b1100011 2
b10111 7
1$
#54740000
0$
#54750000
b11000 7
b11 1
b10110000 3
b0 2
1$
#54760000
0$
#54770000
b1 2
1#
b0 7
1$
#54780000
0$
#54790000
b1 7
b10 2
1$
#54800000
0$
#54810000
b11 2
b10 7
1$
#54820000
0$
#54830000
b11 7
b100 2
1$
#54840000
0$
#54850000
b101 2
b100 7
1$
#54860000
0$
#54870000
b101 7
b110 2
1$
#54880000
0$
#54890000
b111 2
b110 7
1$
#54900000
0$
#54910000
b111 7
b1000 2
1$
#54920000
0$
#54930000
b1001 2
b1000 7
1$
#54940000
0$
#54950000
b1001 7
b1010 2
1$
#54960000
0$
#54970000
b1011 2
b1010 7
1$
#54980000
0$
#54990000
b1011 7
b1100 2
1$
#55000000
0$
#55010000
b1101 2
b1100 7
1$
#55020000
0$
#55030000
b1101 7
b1110 2
1$
#55040000
0$
#55050000
b1111 2
b1110 7
1$
#55060000
0$
#55070000
b1111 7
b10000 2
1$
#55080000
0$
#55090000
b10001 2
b10000 7
1$
#55100000
0$
#55110000
b10001 7
b10010 2
1$
#55120000
0$
#55130000
b10011 2
b10010 7
1$
#55140000
0$
#55150000
b10011 7
b10100 2
1$
#55160000
0$
#55170000
b10101 2
b10100 7
1$
#55180000
0$
#55190000
b10101 7
b10110 2
1$
#55200000
0$
#55210000
b10111 2
b10110 7
1$
#55220000
0$
#55230000
b10111 7
b11000 2
1$
#55240000
0$
#55250000
b11001 2
b11000 7
1$
#55260000
0$
#55270000
0#
b0 7
b11010 2
1$
#55280000
0$
#55290000
b11011 2
b1 7
1$
#55300000
0$
#55310000
b10 7
b11100 2
1$
#55320000
0$
#55330000
b11101 2
b11 7
1$
#55340000
0$
#55350000
b100 7
b11110 2
1$
#55360000
0$
#55370000
b11111 2
b101 7
1$
#55380000
0$
#55390000
b110 7
b100000 2
1$
#55400000
0$
#55410000
b100001 2
b111 7
1$
#55420000
0$
#55430000
b1000 7
b100010 2
1$
#55440000
0$
#55450000
b100011 2
b1001 7
1$
#55460000
0$
#55470000
b1010 7
b100100 2
1$
#55480000
0$
#55490000
b100101 2
b1011 7
1$
#55500000
0$
#55510000
b1100 7
b100110 2
1$
#55520000
0$
#55530000
b100111 2
b1101 7
1$
#55540000
0$
#55550000
b1110 7
b101000 2
1$
#55560000
0$
#55570000
b101001 2
b1111 7
1$
#55580000
0$
#55590000
b10000 7
b101010 2
1$
#55600000
0$
#55610000
b101011 2
b10001 7
1$
#55620000
0$
#55630000
b10010 7
b101100 2
1$
#55640000
0$
#55650000
b101101 2
b10011 7
1$
#55660000
0$
#55670000
b10100 7
b101110 2
1$
#55680000
0$
#55690000
b101111 2
b10101 7
1$
#55700000
0$
#55710000
b10110 7
b110000 2
1$
#55720000
0$
#55730000
b110001 2
b10111 7
1$
#55740000
0$
#55750000
b11000 7
b110010 2
1$
#55760000
0$
#55770000
b110011 2
1#
b0 7
1$
#55780000
0$
#55790000
b1 7
b110100 2
1$
#55800000
0$
#55810000
b110101 2
b10 7
1$
#55820000
0$
#55830000
b11 7
b110110 2
1$
#55840000
0$
#55850000
b110111 2
b100 7
1$
#55860000
0$
#55870000
b101 7
b111000 2
1$
#55880000
0$
#55890000
b111001 2
b110 7
1$
#55900000
0$
#55910000
b111 7
b111010 2
1$
#55920000
0$
#55930000
b111011 2
b1000 7
1$
#55940000
0$
#55950000
b1001 7
b111100 2
1$
#55960000
0$
#55970000
b111101 2
b1010 7
1$
#55980000
0$
#55990000
b1011 7
b111110 2
1$
#56000000
0$
#56010000
b111111 2
b1100 7
1$
#56020000
0$
#56030000
b1101 7
b1000000 2
1$
#56040000
0$
#56050000
b1000001 2
b1110 7
1$
#56060000
0$
#56070000
b1111 7
b1000010 2
1$
#56080000
0$
#56090000
b1000011 2
b10000 7
1$
#56100000
0$
#56110000
b10001 7
b1000100 2
1$
#56120000
0$
#56130000
b1000101 2
b10010 7
1$
#56140000
0$
#56150000
b10011 7
b1000110 2
1$
#56160000
0$
#56170000
b1000111 2
b10100 7
1$
#56180000
0$
#56190000
b10101 7
b1001000 2
1$
#56200000
0$
#56210000
b1001001 2
b10110 7
1$
#56220000
0$
#56230000
b10111 7
b1001010 2
1$
#56240000
0$
#56250000
b1001011 2
b11000 7
1$
#56260000
0$
#56270000
0#
b0 7
b1001100 2
1$
#56280000
0$
#56290000
b1001101 2
b1 7
1$
#56300000
0$
#56310000
b10 7
b1001110 2
1$
#56320000
0$
#56330000
b1001111 2
b11 7
1$
#56340000
0$
#56350000
b100 7
b1010000 2
1$
#56360000
0$
#56370000
b1010001 2
b101 7
1$
#56380000
0$
#56390000
b110 7
b1010010 2
1$
#56400000
0$
#56410000
b1010011 2
b111 7
1$
#56420000
0$
#56430000
b1000 7
b1010100 2
1$
#56440000
0$
#56450000
b1010101 2
b1001 7
1$
#56460000
0$
#56470000
b1010 7
b1010110 2
1$
#56480000
0$
#56490000
b1010111 2
b1011 7
1$
#56500000
0$
#56510000
b1100 7
b1011000 2
1$
#56520000
0$
#56530000
b1011001 2
b1101 7
1$
#56540000
0$
#56550000
b1110 7
b1011010 2
1$
#56560000
0$
#56570000
b1011011 2
b1111 7
1$
#56580000
0$
#56590000
b10000 7
b1011100 2
1$
#56600000
0$
#56610000
b1011101 2
b10001 7
1$
#56620000
0$
#56630000
b10010 7
b1011110 2
1$
#56640000
0$
#56650000
b1011111 2
b10011 7
1$
#56660000
0$
#56670000
b10100 7
b1100000 2
1$
#56680000
0$
#56690000
b1100001 2
b10101 7
1$
#56700000
0$
#56710000
b10110 7
b1100010 2
1$
#56720000
0$
#56730000
b1100011 2
b10111 7
1$
#56740000
0$
#56750000
b11000 7
b100 1
0)
b1100000 3
b0 2
1$
#56760000
0$
#56770000
b1 2
b11001 7
1$
#56780000
0$
#56790000
b11010 7
b10 2
1$
#56800000
0$
#56810000
b11 2
b11011 7
1$
#56820000
0$
#56830000
b11100 7
b100 2
1$
#56840000
0$
#56850000
b101 2
b11101 7
1$
#56860000
0$
#56870000
b11110 7
b110 2
1$
#56880000
0$
#56890000
b111 2
b11111 7
1$
#56900000
0$
#56910000
b100000 7
b1000 2
1$
#56920000
0$
#56930000
b1001 2
b100001 7
1$
#56940000
0$
#56950000
b100010 7
b1010 2
1$
#56960000
0$
#56970000
b1011 2
b100011 7
1$
#56980000
0$
#56990000
b100100 7
b1100 2
1$
#57000000
0$
#57010000
b1101 2
b100101 7
1$
#57020000
0$
#57030000
b100110 7
b1110 2
1$
#57040000
0$
#57050000
b1111 2
b100111 7
1$
#57060000
0$
#57070000
b101000 7
b10000 2
1$
#57080000
0$
#57090000
b10001 2
b101001 7
1$
#57100000
0$
#57110000
b101010 7
b10010 2
1$
#57120000
0$
#57130000
b10011 2
b101011 7
1$
#57140000
0$
#57150000
b101100 7
b10100 2
1$
#57160000
0$
#57170000
b10101 2
b101101 7
1$
#57180000
0$
#57190000
b101110 7
b10110 2
1$
#57200000
0$
#57210000
b10111 2
b101111 7
1$
#57220000
0$
#57230000
b110000 7
b11000 2
1$
#57240000
0$
#57250000
b11001 2
b110001 7
1$
#57260000
0$
#57270000
1#
b0 7
b11010 2
1$
#57280000
0$
#57290000
b11011 2
b1 7
1$
#57300000
0$
#57310000
b10 7
b11100 2
1$
#57320000
0$
#57330000
b11101 2
b11 7
1$
#57340000
0$
#57350000
b100 7
b11110 2
1$
#57360000
0$
#57370000
b11111 2
b101 7
1$
#57380000
0$
#57390000
b110 7
b100000 2
1$
#57400000
0$
#57410000
b100001 2
b111 7
1$
#57420000
0$
#57430000
b1000 7
b100010 2
1$
#57440000
0$
#57450000
b100011 2
b1001 7
1$
#57460000
0$
#57470000
b1010 7
b100100 2
1$
#57480000
0$
#57490000
b100101 2
b1011 7
1$
#57500000
0$
#57510000
b1100 7
b100110 2
1$
#57520000
0$
#57530000
b100111 2
b1101 7
1$
#57540000
0$
#57550000
b1110 7
b101000 2
1$
#57560000
0$
#57570000
b101001 2
b1111 7
1$
#57580000
0$
#57590000
b10000 7
b101010 2
1$
#57600000
0$
#57610000
b101011 2
b10001 7
1$
#57620000
0$
#57630000
b10010 7
b101100 2
1$
#57640000
0$
#57650000
b101101 2
b10011 7
1$
#57660000
0$
#57670000
b10100 7
b101110 2
1$
#57680000
0$
#57690000
b101111 2
b10101 7
1$
#57700000
0$
#57710000
b10110 7
b110000 2
1$
#57720000
0$
#57730000
b110001 2
b10111 7
1$
#57740000
0$
#57750000
b11000 7
b110010 2
1$
#57760000
0$
#57770000
b110011 2
b11001 7
1$
#57780000
0$
#57790000
b11010 7
b110100 2
1$
#57800000
0$
#57810000
b110101 2
b11011 7
1$
#57820000
0$
#57830000
b11100 7
b110110 2
1$
#57840000
0$
#57850000
b110111 2
b11101 7
1$
#57860000
0$
#57870000
b11110 7
b111000 2
1$
#57880000
0$
#57890000
b111001 2
b11111 7
1$
#57900000
0$
#57910000
b100000 7
b111010 2
1$
#57920000
0$
#57930000
b111011 2
b100001 7
1$
#57940000
0$
#57950000
b100010 7
b111100 2
1$
#57960000
0$
#57970000
b111101 2
b100011 7
1$
#57980000
0$
#57990000
b100100 7
b111110 2
1$
#58000000
0$
#58010000
b111111 2
b100101 7
1$
#58020000
0$
#58030000
b100110 7
b1000000 2
1$
#58040000
0$
#58050000
b1000001 2
b100111 7
1$
#58060000
0$
#58070000
b101000 7
b1000010 2
1$
#58080000
0$
#58090000
b1000011 2
b101001 7
1$
#58100000
0$
#58110000
b101010 7
b1000100 2
1$
#58120000
0$
#58130000
b1000101 2
b101011 7
1$
#58140000
0$
#58150000
b101100 7
b1000110 2
1$
#58160000
0$
#58170000
b1000111 2
b101101 7
1$
#58180000
0$
#58190000
b101110 7
b1001000 2
1$
#58200000
0$
#58210000
b1001001 2
b101111 7
1$
#58220000
0$
#58230000
b110000 7
b1001010 2
1$
#58240000
0$
#58250000
b1001011 2
b110001 7
1$
#58260000
0$
#58270000
0#
b0 7
b1001100 2
1$
#58280000
0$
#58290000
b1001101 2
b1 7
1$
#58300000
0$
#58310000
b10 7
b1001110 2
1$
#58320000
0$
#58330000
b1001111 2
b11 7
1$
#58340000
0$
#58350000
b100 7
b1010000 2
1$
#58360000
0$
#58370000
b1010001 2
b101 7
1$
#58380000
0$
#58390000
b110 7
b1010010 2
1$
#58400000
0$
#58410000
b1010011 2
b111 7
1$
#58420000
0$
#58430000
b1000 7
b1010100 2
1$
#58440000
0$
#58450000
b1010101 2
b1001 7
1$
#58460000
0$
#58470000
b1010 7
b1010110 2
1$
#58480000
0$
#58490000
b1010111 2
b1011 7
1$
#58500000
0$
#58510000
b1100 7
b1011000 2
1$
#58520000
0$
#58530000
b1011001 2
b1101 7
1$
#58540000
0$
#58550000
b1110 7
b1011010 2
1$
#58560000
0$
#58570000
b1011011 2
b1111 7
1$
#58580000
0$
#58590000
b10000 7
b1011100 2
1$
#58600000
0$
#58610000
b1011101 2
b10001 7
1$
#58620000
0$
#58630000
b10010 7
b1011110 2
1$
#58640000
0$
#58650000
b1011111 2
b10011 7
1$
#58660000
0$
#58670000
b10100 7
b1100000 2
1$
#58680000
0$
#58690000
b1100001 2
b10101 7
1$
#58700000
0$
#58710000
b10110 7
b1100010 2
1$
#58720000
0$
#58730000
b1100011 2
b10111 7
1$
#58740000
0$
#58750000
b11000 7
b101 1
1)
b11000000 3
b0 2
1$
#58760000
0$
#58770000
b1 2
1#
b0 7
1$
#58780000
0$
#58790000
b1 7
b10 2
1$
#58800000
0$
#58810000
b11 2
b10 7
1$
#58820000
0$
#58830000
b11 7
b100 2
1$
#58840000
0$
#58850000
b101 2
b100 7
1$
#58860000
0$
#58870000
b101 7
b110 2
1$
#58880000
0$
#58890000
b111 2
b110 7
1$
#58900000
0$
#58910000
b111 7
b1000 2
1$
#58920000
0$
#58930000
b1001 2
b1000 7
1$
#58940000
0$
#58950000
b1001 7
b1010 2
1$
#58960000
0$
#58970000
b1011 2
b1010 7
1$
#58980000
0$
#58990000
b1011 7
b1100 2
1$
#59000000
0$
#59010000
b1101 2
b1100 7
1$
#59020000
0$
#59030000
b1101 7
b1110 2
1$
#59040000
0$
#59050000
b1111 2
b1110 7
1$
#59060000
0$
#59070000
b1111 7
b10000 2
1$
#59080000
0$
#59090000
b10001 2
b10000 7
1$
#59100000
0$
#59110000
b10001 7
b10010 2
1$
#59120000
0$
#59130000
b10011 2
b10010 7
1$
#59140000
0$
#59150000
b10011 7
b10100 2
1$
#59160000
0$
#59170000
b10101 2
b10100 7
1$
#59180000
0$
#59190000
b10101 7
b10110 2
1$
#59200000
0$
#59210000
b10111 2
b10110 7
1$
#59220000
0$
#59230000
b10111 7
b11000 2
1$
#59240000
0$
#59250000
b11001 2
b11000 7
1$
#59260000
0$
#59270000
0#
b0 7
b11010 2
1$
#59280000
0$
#59290000
b11011 2
b1 7
1$
#59300000
0$
#59310000
b10 7
b11100 2
1$
#59320000
0$
#59330000
b11101 2
b11 7
1$
#59340000
0$
#59350000
b100 7
b11110 2
1$
#59360000
0$
#59370000
b11111 2
b101 7
1$
#59380000
0$
#59390000
b110 7
b100000 2
1$
#59400000
0$
#59410000
b100001 2
b111 7
1$
#59420000
0$
#59430000
b1000 7
b100010 2
1$
#59440000
0$
#59450000
b100011 2
b1001 7
1$
#59460000
0$
#59470000
b1010 7
b100100 2
1$
#59480000
0$
#59490000
b100101 2
b1011 7
1$
#59500000
0$
#59510000
b1100 7
b100110 2
1$
#59520000
0$
#59530000
b100111 2
b1101 7
1$
#59540000
0$
#59550000
b1110 7
b101000 2
1$
#59560000
0$
#59570000
b101001 2
b1111 7
1$
#59580000
0$
#59590000
b10000 7
b101010 2
1$
#59600000
0$
#59610000
b101011 2
b10001 7
1$
#59620000
0$
#59630000
b10010 7
b101100 2
1$
#59640000
0$
#59650000
b101101 2
b10011 7
1$
#59660000
0$
#59670000
b10100 7
b101110 2
1$
#59680000
0$
#59690000
b101111 2
b10101 7
1$
#59700000
0$
#59710000
b10110 7
b110000 2
1$
#59720000
0$
#59730000
b110001 2
b10111 7
1$
#59740000
0$
#59750000
b11000 7
b110010 2
1$
#59760000
0$
#59770000
b110011 2
1#
b0 7
1$
#59780000
0$
#59790000
b1 7
b110100 2
1$
#59800000
0$
#59810000
b110101 2
b10 7
1$
#59820000
0$
#59830000
b11 7
b110110 2
1$
#59840000
0$
#59850000
b110111 2
b100 7
1$
#59860000
0$
#59870000
b101 7
b111000 2
1$
#59880000
0$
#59890000
b111001 2
b110 7
1$
#59900000
0$
#59910000
b111 7
b111010 2
1$
#59920000
0$
#59930000
b111011 2
b1000 7
1$
#59940000
0$
#59950000
b1001 7
b111100 2
1$
#59960000
0$
#59970000
b111101 2
b1010 7
1$
#59980000
0$
#59990000
b1011 7
b111110 2
1$
#60000000
0$
#60010000
b111111 2
b1100 7
1$
#60020000
0$
#60030000
b1101 7
b1000000 2
1$
#60040000
0$
#60050000
b1000001 2
b1110 7
1$
#60060000
0$
#60070000
b1111 7
b1000010 2
1$
#60080000
0$
#60090000
b1000011 2
b10000 7
1$
#60100000
0$
#60110000
b10001 7
b1000100 2
1$
#60120000
0$
#60130000
b1000101 2
b10010 7
1$
#60140000
0$
#60150000
b10011 7
b1000110 2
1$
#60160000
0$
#60170000
b1000111 2
b10100 7
1$
#60180000
0$
#60190000
b10101 7
b1001000 2
1$
#60200000
0$
#60210000
b1001001 2
b10110 7
1$
#60220000
0$
#60230000
b10111 7
b1001010 2
1$
#60240000
0$
#60250000
b1001011 2
b11000 7
1$
#60260000
0$
#60270000
0#
b0 7
b1001100 2
1$
#60280000
0$
#60290000
b1001101 2
b1 7
1$
#60300000
0$
#60310000
b10 7
b1001110 2
1$
#60320000
0$
#60330000
b1001111 2
b11 7
1$
#60340000
0$
#60350000
b100 7
b1010000 2
1$
#60360000
0$
#60370000
b1010001 2
b101 7
1$
#60380000
0$
#60390000
b110 7
b1010010 2
1$
#60400000
0$
#60410000
b1010011 2
b111 7
1$
#60420000
0$
#60430000
b1000 7
b1010100 2
1$
#60440000
0$
#60450000
b1010101 2
b1001 7
1$
#60460000
0$
#60470000
b1010 7
b1010110 2
1$
#60480000
0$
#60490000
b1010111 2
b1011 7
1$
#60500000
0$
#60510000
b1100 7
b1011000 2
1$
#60520000
0$
#60530000
b1011001 2
b1101 7
1$
#60540000
0$
#60550000
b1110 7
b1011010 2
1$
#60560000
0$
#60570000
b1011011 2
b1111 7
1$
#60580000
0$
#60590000
b10000 7
b1011100 2
1$
#60600000
0$
#60610000
b1011101 2
b10001 7
1$
#60620000
0$
#60630000
b10010 7
b1011110 2
1$
#60640000
0$
#60650000
b1011111 2
b10011 7
1$
#60660000
0$
#60670000
b10100 7
b1100000 2
1$
#60680000
0$
#60690000
b1100001 2
b10101 7
1$
#60700000
0$
#60710000
b10110 7
b1100010 2
1$
#60720000
0$
#60730000
b1100011 2
b10111 7
1$
#60740000
0$
#60750000
b11000 7
b110 1
b10000000 3
b0 2
1$
#60760000
0$
#60770000
b1 2
1#
b0 7
1$
#60780000
0$
#60790000
b1 7
b10 2
1$
#60800000
0$
#60810000
b11 2
b10 7
1$
#60820000
0$
#60830000
b11 7
b100 2
1$
#60840000
0$
#60850000
b101 2
b100 7
1$
#60860000
0$
#60870000
b101 7
b110 2
1$
#60880000
0$
#60890000
b111 2
b110 7
1$
#60900000
0$
#60910000
b111 7
b1000 2
1$
#60920000
0$
#60930000
b1001 2
b1000 7
1$
#60940000
0$
#60950000
b1001 7
b1010 2
1$
#60960000
0$
#60970000
b1011 2
b1010 7
1$
#60980000
0$
#60990000
b1011 7
b1100 2
1$
#61000000
0$
#61010000
b1101 2
b1100 7
1$
#61020000
0$
#61030000
b1101 7
b1110 2
1$
#61040000
0$
#61050000
b1111 2
b1110 7
1$
#61060000
0$
#61070000
b1111 7
b10000 2
1$
#61080000
0$
#61090000
b10001 2
b10000 7
1$
#61100000
0$
#61110000
b10001 7
b10010 2
1$
#61120000
0$
#61130000
b10011 2
b10010 7
1$
#61140000
0$
#61150000
b10011 7
b10100 2
1$
#61160000
0$
#61170000
b10101 2
b10100 7
1$
#61180000
0$
#61190000
b10101 7
b10110 2
1$
#61200000
0$
#61210000
b10111 2
b10110 7
1$
#61220000
0$
#61230000
b10111 7
b11000 2
1$
#61240000
0$
#61250000
b11001 2
b11000 7
1$
#61260000
0$
#61270000
0#
b0 7
b11010 2
1$
#61280000
0$
#61290000
b11011 2
b1 7
1$
#61300000
0$
#61310000
b10 7
b11100 2
1$
#61320000
0$
#61330000
b11101 2
b11 7
1$
#61340000
0$
#61350000
b100 7
b11110 2
1$
#61360000
0$
#61370000
b11111 2
b101 7
1$
#61380000
0$
#61390000
b110 7
b100000 2
1$
#61400000
0$
#61410000
b100001 2
b111 7
1$
#61420000
0$
#61430000
b1000 7
b100010 2
1$
#61440000
0$
#61450000
b100011 2
b1001 7
1$
#61460000
0$
#61470000
b1010 7
b100100 2
1$
#61480000
0$
#61490000
b100101 2
b1011 7
1$
#61500000
0$
#61510000
b1100 7
b100110 2
1$
#61520000
0$
#61530000
b100111 2
b1101 7
1$
#61540000
0$
#61550000
b1110 7
b101000 2
1$
#61560000
0$
#61570000
b101001 2
b1111 7
1$
#61580000
0$
#61590000
b10000 7
b101010 2
1$
#61600000
0$
#61610000
b101011 2
b10001 7
1$
#61620000
0$
#61630000
b10010 7
b101100 2
1$
#61640000
0$
#61650000
b101101 2
b10011 7
1$
#61660000
0$
#61670000
b10100 7
b101110 2
1$
#61680000
0$
#61690000
b101111 2
b10101 7
1$
#61700000
0$
#61710000
b10110 7
b110000 2
1$
#61720000
0$
#61730000
b110001 2
b10111 7
1$
#61740000
0$
#61750000
b11000 7
b110010 2
1$
#61760000
0$
#61770000
b110011 2
1#
b0 7
1$
#61780000
0$
#61790000
b1 7
b110100 2
1$
#61800000
0$
#61810000
b110101 2
b10 7
1$
#61820000
0$
#61830000
b11 7
b110110 2
1$
#61840000
0$
#61850000
b110111 2
b100 7
1$
#61860000
0$
#61870000
b101 7
b111000 2
1$
#61880000
0$
#61890000
b111001 2
b110 7
1$
#61900000
0$
#61910000
b111 7
b111010 2
1$
#61920000
0$
#61930000
b111011 2
b1000 7
1$
#61940000
0$
#61950000
b1001 7
b111100 2
1$
#61960000
0$
#61970000
b111101 2
b1010 7
1$
#61980000
0$
#61990000
b1011 7
b111110 2
1$
#62000000
0$
#62010000
b111111 2
b1100 7
1$
#62020000
0$
#62030000
b1101 7
b1000000 2
1$
#62040000
0$
#62050000
b1000001 2
b1110 7
1$
#62060000
0$
#62070000
b1111 7
b1000010 2
1$
#62080000
0$
#62090000
b1000011 2
b10000 7
1$
#62100000
0$
#62110000
b10001 7
b1000100 2
1$
#62120000
0$
#62130000
b1000101 2
b10010 7
1$
#62140000
0$
#62150000
b10011 7
b1000110 2
1$
#62160000
0$
#62170000
b1000111 2
b10100 7
1$
#62180000
0$
#62190000
b10101 7
b1001000 2
1$
#62200000
0$
#62210000
b1001001 2
b10110 7
1$
#62220000
0$
#62230000
b10111 7
b1001010 2
1$
#62240000
0$
#62250000
b1001011 2
b11000 7
1$
#62260000
0$
#62270000
0#
b0 7
b1001100 2
1$
#62280000
0$
#62290000
b1001101 2
b1 7
1$
#62300000
0$
#62310000
b10 7
b1001110 2
1$
#62320000
0$
#62330000
b1001111 2
b11 7
1$
#62340000
0$
#62350000
b100 7
b1010000 2
1$
#62360000
0$
#62370000
b1010001 2
b101 7
1$
#62380000
0$
#62390000
b110 7
b1010010 2
1$
#62400000
0$
#62410000
b1010011 2
b111 7
1$
#62420000
0$
#62430000
b1000 7
b1010100 2
1$
#62440000
0$
#62450000
b1010101 2
b1001 7
1$
#62460000
0$
#62470000
b1010 7
b1010110 2
1$
#62480000
0$
#62490000
b1010111 2
b1011 7
1$
#62500000
0$
#62510000
b1100 7
b1011000 2
1$
#62520000
0$
#62530000
b1011001 2
b1101 7
1$
#62540000
0$
#62550000
b1110 7
b1011010 2
1$
#62560000
0$
#62570000
b1011011 2
b1111 7
1$
#62580000
0$
#62590000
b10000 7
b1011100 2
1$
#62600000
0$
#62610000
b1011101 2
b10001 7
1$
#62620000
0$
#62630000
b10010 7
b1011110 2
1$
#62640000
0$
#62650000
b1011111 2
b10011 7
1$
#62660000
0$
#62670000
b10100 7
b1100000 2
1$
#62680000
0$
#62690000
b1100001 2
b10101 7
1$
#62700000
0$
#62710000
b10110 7
b1100010 2
1$
#62720000
0$
#62730000
b1100011 2
b10111 7
1$
#62740000
0$
#62750000
b11000 7
b111 1
0)
b0 3
b0 2
1$
#62760000
0$
#62770000
b1 2
b11001 7
1$
#62780000
0$
#62790000
b11010 7
b10 2
1$
#62800000
0$
#62810000
b11 2
b11011 7
1$
#62820000
0$
#62830000
b11100 7
b100 2
1$
#62840000
0$
#62850000
b101 2
b11101 7
1$
#62860000
0$
#62870000
b11110 7
b110 2
1$
#62880000
0$
#62890000
b111 2
b11111 7
1$
#62900000
0$
#62910000
b100000 7
b1000 2
1$
#62920000
0$
#62930000
b1001 2
b100001 7
1$
#62940000
0$
#62950000
b100010 7
b1010 2
1$
#62960000
0$
#62970000
b1011 2
b100011 7
1$
#62980000
0$
#62990000
b100100 7
b1100 2
1$
#63000000
0$
#63010000
b1101 2
b100101 7
1$
#63020000
0$
#63030000
b100110 7
b1110 2
1$
#63040000
0$
#63050000
b1111 2
b100111 7
1$
#63060000
0$
#63070000
b101000 7
b10000 2
1$
#63080000
0$
#63090000
b10001 2
b101001 7
1$
#63100000
0$
#63110000
b101010 7
b10010 2
1$
#63120000
0$
#63130000
b10011 2
b101011 7
1$
#63140000
0$
#63150000
b101100 7
b10100 2
1$
#63160000
0$
#63170000
b10101 2
b101101 7
1$
#63180000
0$
#63190000
b101110 7
b10110 2
1$
#63200000
0$
#63210000
b10111 2
b101111 7
1$
#63220000
0$
#63230000
b110000 7
b11000 2
1$
#63240000
0$
#63250000
b11001 2
b110001 7
1$
#63260000
0$
#63270000
1#
b0 7
b11010 2
1$
#63280000
0$
#63290000
b11011 2
b1 7
1$
#63300000
0$
#63310000
b10 7
b11100 2
1$
#63320000
0$
#63330000
b11101 2
b11 7
1$
#63340000
0$
#63350000
b100 7
b11110 2
1$
#63360000
0$
#63370000
b11111 2
b101 7
1$
#63380000
0$
#63390000
b110 7
b100000 2
1$
#63400000
0$
#63410000
b100001 2
b111 7
1$
#63420000
0$
#63430000
b1000 7
b100010 2
1$
#63440000
0$
#63450000
b100011 2
b1001 7
1$
#63460000
0$
#63470000
b1010 7
b100100 2
1$
#63480000
0$
#63490000
b100101 2
b1011 7
1$
#63500000
0$
#63510000
b1100 7
b100110 2
1$
#63520000
0$
#63530000
b100111 2
b1101 7
1$
#63540000
0$
#63550000
b1110 7
b101000 2
1$
#63560000
0$
#63570000
b101001 2
b1111 7
1$
#63580000
0$
#63590000
b10000 7
b101010 2
1$
#63600000
0$
#63610000
b101011 2
b10001 7
1$
#63620000
0$
#63630000
b10010 7
b101100 2
1$
#63640000
0$
#63650000
b101101 2
b10011 7
1$
#63660000
0$
#63670000
b10100 7
b101110 2
1$
#63680000
0$
#63690000
b101111 2
b10101 7
1$
#63700000
0$
#63710000
b10110 7
b110000 2
1$
#63720000
0$
#63730000
b110001 2
b10111 7
1$
#63740000
0$
#63750000
b11000 7
b110010 2
1$
#63760000
0$
#63770000
b110011 2
b11001 7
1$
#63780000
0$
#63790000
b11010 7
b110100 2
1$
#63800000
0$
#63810000
b110101 2
b11011 7
1$
#63820000
0$
#63830000
b11100 7
b110110 2
1$
#63840000
0$
#63850000
b110111 2
b11101 7
1$
#63860000
0$
#63870000
b11110 7
b111000 2
1$
#63880000
0$
#63890000
b111001 2
b11111 7
1$
#63900000
0$
#63910000
b100000 7
b111010 2
1$
#63920000
0$
#63930000
b111011 2
b100001 7
1$
#63940000
0$
#63950000
b100010 7
b111100 2
1$
#63960000
0$
#63970000
b111101 2
b100011 7
1$
#63980000
0$
#63990000
b100100 7
b111110 2
1$
#64000000
0$
#64010000
b111111 2
b100101 7
1$
#64020000
0$
#64030000
b100110 7
b1000000 2
1$
#64040000
0$
#64050000
b1000001 2
b100111 7
1$
#64060000
0$
#64070000
b101000 7
b1000010 2
1$
#64080000
0$
#64090000
b1000011 2
b101001 7
1$
#64100000
0$
#64110000
b101010 7
b1000100 2
1$
#64120000
0$
#64130000
b1000101 2
b101011 7
1$
#64140000
0$
#64150000
b101100 7
b1000110 2
1$
#64160000
0$
#64170000
b1000111 2
b101101 7
1$
#64180000
0$
#64190000
b101110 7
b1001000 2
1$
#64200000
0$
#64210000
b1001001 2
b101111 7
1$
#64220000
0$
#64230000
b110000 7
b1001010 2
1$
#64240000
0$
#64250000
b1001011 2
b110001 7
1$
#64260000
0$
#64270000
0#
b0 7
b1001100 2
1$
#64280000
0$
#64290000
b1001101 2
b1 7
1$
#64300000
0$
#64310000
b10 7
b1001110 2
1$
#64320000
0$
#64330000
b1001111 2
b11 7
1$
#64340000
0$
#64350000
b100 7
b1010000 2
1$
#64360000
0$
#64370000
b1010001 2
b101 7
1$
#64380000
0$
#64390000
b110 7
b1010010 2
1$
#64400000
0$
#64410000
b1010011 2
b111 7
1$
#64420000
0$
#64430000
b1000 7
b1010100 2
1$
#64440000
0$
#64450000
b1010101 2
b1001 7
1$
#64460000
0$
#64470000
b1010 7
b1010110 2
1$
#64480000
0$
#64490000
b1010111 2
b1011 7
1$
#64500000
0$
#64510000
b1100 7
b1011000 2
1$
#64520000
0$
#64530000
b1011001 2
b1101 7
1$
#64540000
0$
#64550000
b1110 7
b1011010 2
1$
#64560000
0$
#64570000
b1011011 2
b1111 7
1$
#64580000
0$
#64590000
b10000 7
b1011100 2
1$
#64600000
0$
#64610000
b1011101 2
b10001 7
1$
#64620000
0$
#64630000
b10010 7
b1011110 2
1$
#64640000
0$
#64650000
b1011111 2
b10011 7
1$
#64660000
0$
#64670000
b10100 7
b1100000 2
1$
#64680000
0$
#64690000
b1100001 2
b10101 7
1$
#64700000
0$
#64710000
b10110 7
b1100010 2
1$
#64720000
0$
#64730000
b1100011 2
b10111 7
1$
#64740000
0$
#64750000
b11000 7
b0 1
1!
0"
04
b0 2
1$
#64760000
0$
#64770000
0!
b11001 7
1$
#64780000
0$
#64790000
b11010 7
1$
#64800000
0$
#64810000
b11011 7
1$
#64820000
0$
#64830000
b11100 7
1$
#64840000
0$
#64850000
b11101 7
1$
#64860000
0$
#64870000
b11110 7
1$
#64880000
0$
#64890000
b11111 7
1$
#64900000
0$
#64910000
b100000 7
1$
#64920000
0$
#64930000
b100001 7
1$
#64940000
0$
#64950000
b100010 7
1$
0%
b1010101 &
b1010101 (
b1010101 .
#64960000
0$
#64970000
b100011 7
1$
#64980000
0$
#64990000
b100100 7
1$
#65000000
0$
#65010000
b100101 7
1$
#65020000
0$
#65030000
b100110 7
1$
#65040000
0$
#65050000
b100111 7
1$
#65060000
0$
#65070000
b101000 7
1$
#65080000
0$
#65090000
b101001 7
1$
#65100000
0$
#65110000
b101010 7
1$
#65120000
0$
#65130000
b101011 7
1$
#65140000
0$
#65150000
b101100 7
1$
#65160000
0$
#65170000
b101101 7
1$
#65180000
0$
#65190000
b101110 7
1$
#65200000
0$
#65210000
b101111 7
1$
#65220000
0$
#65230000
b110000 7
1$
#65240000
0$
#65250000
b110001 7
1$
#65260000
0$
#65270000
1#
b0 7
1$
#65280000
0$
#65290000
b1 7
1$
#65300000
0$
#65310000
b10 7
1$
#65320000
0$
#65330000
b11 7
1$
#65340000
0$
#65350000
b100 7
1$
#65360000
0$
#65370000
b101 7
1$
#65380000
0$
#65390000
b110 7
1$
#65400000
0$
#65410000
b111 7
1$
#65420000
0$
#65430000
b1000 7
1$
#65440000
0$
#65450000
b1001 7
1$
0'
#65460000
0$
#65470000
b1010 7
1$
#65480000
0$
#65490000
b1011 7
1$
#65500000
0$
#65510000
b1100 7
1$
#65520000
0$
#65530000
b1101 7
1$
#65540000
0$
#65550000
b1110 7
1$
#65560000
0$
#65570000
b1111 7
1$
#65580000
0$
#65590000
b10000 7
1$
#65600000
0$
#65610000
b10001 7
1$
#65620000
0$
#65630000
b10010 7
1$
#65640000
0$
#65650000
b10011 7
1$
b11001100 8
#65660000
1%
b11001100 &
b11001100 (
b11001100 .
0$
#65670000
b10100 7
14
1"
1)
b11001100 3
1$
#65680000
0%
0$
#65690000
b1 2
b10101 7
1$
#65700000
0$
#65710000
b10110 7
b10 2
1$
#65720000
0$
#65730000
b11 2
b10111 7
1$
#65740000
0$
#65750000
b11000 7
b100 2
1$
#65760000
0$
#65770000
b101 2
0#
b0 7
1$
#65780000
0$
#65790000
b1 7
b110 2
1$
#65800000
0$
#65810000
b111 2
b10 7
1$
#65820000
0$
#65830000
b11 7
b1000 2
1$
#65840000
0$
#65850000
b1001 2
b100 7
1$
#65860000
0$
#65870000
b101 7
b1010 2
1$
#65880000
0$
#65890000
b1011 2
b110 7
1$
#65900000
0$
#65910000
b111 7
b1100 2
1$
#65920000
0$
#65930000
b1101 2
b1000 7
1$
#65940000
0$
#65950000
b1001 7
b1110 2
1$
#65960000
0$
#65970000
b1111 2
b1010 7
1$
#65980000
0$
#65990000
b1011 7
b10000 2
1$
#66000000
0$
#66010000
b10001 2
b1100 7
1$
#66020000
0$
#66030000
b1101 7
b10010 2
1$
#66040000
0$
#66050000
b10011 2
b1110 7
1$
#66060000
0$
#66070000
b1111 7
b10100 2
1$
#66080000
0$
#66090000
b10101 2
b10000 7
1$
#66100000
0$
#66110000
b10001 7
b10110 2
1$
#66120000
0$
#66130000
b10111 2
b10010 7
1$
#66140000
0$
#66150000
b10011 7
b11000 2
1$
#66160000
0$
#66170000
b11001 2
b10100 7
1$
#66180000
0$
#66190000
b10101 7
b11010 2
1$
#66200000
0$
#66210000
b11011 2
b10110 7
1$
#66220000
0$
#66230000
b10111 7
b11100 2
1$
#66240000
0$
#66250000
b11101 2
b11000 7
1$
#66260000
0$
#66270000
1#
b0 7
b11110 2
1$
#66280000
0$
#66290000
b11111 2
b1 7
1$
#66300000
0$
#66310000
b10 7
b100000 2
1$
#66320000
0$
#66330000
b100001 2
b11 7
1$
#66340000
0$
#66350000
b100 7
b100010 2
1$
#66360000
0$
#66370000
b100011 2
b101 7
1$
#66380000
0$
#66390000
b110 7
b100100 2
1$
#66400000
0$
#66410000
b100101 2
b111 7
1$
#66420000
0$
#66430000
b1000 7
b100110 2
1$
#66440000
0$
#66450000
b100111 2
b1001 7
1$
#66460000
0$
#66470000
b1010 7
b101000 2
1$
#66480000
0$
#66490000
b101001 2
b1011 7
1$
#66500000
0$
#66510000
b1100 7
b101010 2
1$
#66520000
0$
#66530000
b101011 2
b1101 7
1$
#66540000
0$
#66550000
b1110 7
b101100 2
1$
#66560000
0$
#66570000
b101101 2
b1111 7
1$
#66580000
0$
#66590000
b10000 7
b101110 2
1$
#66600000
0$
#66610000
b101111 2
b10001 7
1$
#66620000
0$
#66630000
b10010 7
b110000 2
1$
#66640000
0$
#66650000
b110001 2
b10011 7
1$
#66660000
0$
#66670000
b10100 7
b110010 2
1$
#66680000
0$
#66690000
b110011 2
b10101 7
1$
#66700000
0$
#66710000
b10110 7
b110100 2
1$
#66720000
0$
#66730000
b110101 2
b10111 7
1$
#66740000
0$
#66750000
b11000 7
b110110 2
1$
#66760000
0$
#66770000
b110111 2
0#
b0 7
1$
#66780000
0$
#66790000
b1 7
b111000 2
1$
#66800000
0$
#66810000
b111001 2
b10 7
1$
#66820000
0$
#66830000
b11 7
b111010 2
1$
#66840000
0$
#66850000
b111011 2
b100 7
1$
#66860000
0$
#66870000
b101 7
b111100 2
1$
#66880000
0$
#66890000
b111101 2
b110 7
1$
#66900000
0$
#66910000
b111 7
b111110 2
1$
#66920000
0$
#66930000
b111111 2
b1000 7
1$
#66940000
0$
#66950000
b1001 7
b1000000 2
1$
#66960000
0$
#66970000
b1000001 2
b1010 7
1$
#66980000
0$
#66990000
b1011 7
b1000010 2
1$
#67000000
0$
#67010000
b1000011 2
b1100 7
1$
#67020000
0$
#67030000
b1101 7
b1000100 2
1$
#67040000
0$
#67050000
b1000101 2
b1110 7
1$
#67060000
0$
#67070000
b1111 7
b1000110 2
1$
#67080000
0$
#67090000
b1000111 2
b10000 7
1$
#67100000
0$
#67110000
b10001 7
b1001000 2
1$
#67120000
0$
#67130000
b1001001 2
b10010 7
1$
#67140000
0$
#67150000
b10011 7
b1001010 2
1$
#67160000
0$
#67170000
b1001011 2
b10100 7
1$
#67180000
0$
#67190000
b10101 7
b1001100 2
1$
#67200000
0$
#67210000
b1001101 2
b10110 7
1$
#67220000
0$
#67230000
b10111 7
b1001110 2
1$
#67240000
0$
#67250000
b1001111 2
b11000 7
1$
#67260000
0$
#67270000
1#
b0 7
b1010000 2
1$
#67280000
0$
#67290000
b1010001 2
b1 7
1$
#67300000
0$
#67310000
b10 7
b1010010 2
1$
#67320000
0$
#67330000
b1010011 2
b11 7
1$
#67340000
0$
#67350000
b100 7
b1010100 2
1$
#67360000
0$
#67370000
b1010101 2
b101 7
1$
#67380000
0$
#67390000
b110 7
b1010110 2
1$
#67400000
0$
#67410000
b1010111 2
b111 7
1$
#67420000
0$
#67430000
b1000 7
b1011000 2
1$
#67440000
0$
#67450000
b1011001 2
b1001 7
1$
#67460000
0$
#67470000
b1010 7
b1011010 2
1$
#67480000
0$
#67490000
b1011011 2
b1011 7
1$
#67500000
0$
#67510000
b1100 7
b1011100 2
1$
#67520000
0$
#67530000
b1011101 2
b1101 7
1$
#67540000
0$
#67550000
b1110 7
b1011110 2
1$
#67560000
0$
#67570000
b1011111 2
b1111 7
1$
#67580000
0$
#67590000
b10000 7
b1100000 2
1$
#67600000
0$
#67610000
b1100001 2
b10001 7
1$
#67620000
0$
#67630000
b10010 7
b1100010 2
1$
#67640000
0$
#67650000
b1100011 2
b10011 7
1$
#67660000
0$
#67670000
b10100 7
b1 1
b10011000 3
b0 2
1$
#67680000
0$
#67690000
b1 2
b10101 7
1$
#67700000
0$
#67710000
b10110 7
b10 2
1$
#67720000
0$
#67730000
b11 2
b10111 7
1$
#67740000
0$
#67750000
b11000 7
b100 2
1$
#67760000
0$
#67770000
b101 2
0#
b0 7
1$
#67780000
0$
#67790000
b1 7
b110 2
1$
#67800000
0$
#67810000
b111 2
b10 7
1$
#67820000
0$
#67830000
b11 7
b1000 2
1$
#67840000
0$
#67850000
b1001 2
b100 7
1$
#67860000
0$
#67870000
b101 7
b1010 2
1$
#67880000
0$
#67890000
b1011 2
b110 7
1$
#67900000
0$
#67910000
b111 7
b1100 2
1$
#67920000
0$
#67930000
b1101 2
b1000 7
1$
#67940000
0$
#67950000
b1001 7
b1110 2
1$
#67960000
0$
#67970000
b1111 2
b1010 7
1$
#67980000
0$
#67990000
b1011 7
b10000 2
1$
#68000000
0$
#68010000
b10001 2
b1100 7
1$
#68020000
0$
#68030000
b1101 7
b10010 2
1$
#68040000
0$
#68050000
b10011 2
b1110 7
1$
#68060000
0$
#68070000
b1111 7
b10100 2
1$
#68080000
0$
#68090000
b10101 2
b10000 7
1$
#68100000
0$
#68110000
b10001 7
b10110 2
1$
#68120000
0$
#68130000
b10111 2
b10010 7
1$
#68140000
0$
#68150000
b10011 7
b11000 2
1$
#68160000
0$
#68170000
b11001 2
b10100 7
1$
#68180000
0$
#68190000
b10101 7
b11010 2
1$
#68200000
0$
#68210000
b11011 2
b10110 7
1$
#68220000
0$
#68230000
b10111 7
b11100 2
1$
#68240000
0$
#68250000
b11101 2
b11000 7
1$
#68260000
0$
#68270000
1#
b0 7
b11110 2
1$
#68280000
0$
#68290000
b11111 2
b1 7
1$
#68300000
0$
#68310000
b10 7
b100000 2
1$
#68320000
0$
#68330000
b100001 2
b11 7
1$
#68340000
0$
#68350000
b100 7
b100010 2
1$
#68360000
0$
#68370000
b100011 2
b101 7
1$
#68380000
0$
#68390000
b110 7
b100100 2
1$
#68400000
0$
#68410000
b100101 2
b111 7
1$
#68420000
0$
#68430000
b1000 7
b100110 2
1$
#68440000
0$
#68450000
b100111 2
b1001 7
1$
#68460000
0$
#68470000
b1010 7
b101000 2
1$
#68480000
0$
#68490000
b101001 2
b1011 7
1$
#68500000
0$
#68510000
b1100 7
b101010 2
1$
#68520000
0$
#68530000
b101011 2
b1101 7
1$
#68540000
0$
#68550000
b1110 7
b101100 2
1$
#68560000
0$
#68570000
b101101 2
b1111 7
1$
#68580000
0$
#68590000
b10000 7
b101110 2
1$
#68600000
0$
#68610000
b101111 2
b10001 7
1$
#68620000
0$
#68630000
b10010 7
b110000 2
1$
#68640000
0$
#68650000
b110001 2
b10011 7
1$
#68660000
0$
#68670000
b10100 7
b110010 2
1$
#68680000
0$
#68690000
b110011 2
b10101 7
1$
#68700000
0$
#68710000
b10110 7
b110100 2
1$
#68720000
0$
#68730000
b110101 2
b10111 7
1$
#68740000
0$
#68750000
b11000 7
b110110 2
1$
#68760000
0$
#68770000
b110111 2
0#
b0 7
1$
#68780000
0$
#68790000
b1 7
b111000 2
1$
#68800000
0$
#68810000
b111001 2
b10 7
1$
#68820000
0$
#68830000
b11 7
b111010 2
1$
#68840000
0$
#68850000
b111011 2
b100 7
1$
#68860000
0$
#68870000
b101 7
b111100 2
1$
#68880000
0$
#68890000
b111101 2
b110 7
1$
#68900000
0$
#68910000
b111 7
b111110 2
1$
#68920000
0$
#68930000
b111111 2
b1000 7
1$
#68940000
0$
#68950000
b1001 7
b1000000 2
1$
#68960000
0$
#68970000
b1000001 2
b1010 7
1$
#68980000
0$
#68990000
b1011 7
b1000010 2
1$
#69000000
0$
#69010000
b1000011 2
b1100 7
1$
#69020000
0$
#69030000
b1101 7
b1000100 2
1$
#69040000
0$
#69050000
b1000101 2
b1110 7
1$
#69060000
0$
#69070000
b1111 7
b1000110 2
1$
#69080000
0$
#69090000
b1000111 2
b10000 7
1$
#69100000
0$
#69110000
b10001 7
b1001000 2
1$
#69120000
0$
#69130000
b1001001 2
b10010 7
1$
#69140000
0$
#69150000
b10011 7
b1001010 2
1$
#69160000
0$
#69170000
b1001011 2
b10100 7
1$
#69180000
0$
#69190000
b10101 7
b1001100 2
1$
#69200000
0$
#69210000
b1001101 2
b10110 7
1$
#69220000
0$
#69230000
b10111 7
b1001110 2
1$
#69240000
0$
#69250000
b1001111 2
b11000 7
1$
#69260000
0$
#69270000
1#
b0 7
b1010000 2
1$
#69280000
0$
#69290000
b1010001 2
b1 7
1$
#69300000
0$
#69310000
b10 7
b1010010 2
1$
#69320000
0$
#69330000
b1010011 2
b11 7
1$
#69340000
0$
#69350000
b100 7
b1010100 2
1$
#69360000
0$
#69370000
b1010101 2
b101 7
1$
#69380000
0$
#69390000
b110 7
b1010110 2
1$
#69400000
0$
#69410000
b1010111 2
b111 7
1$
#69420000
0$
#69430000
b1000 7
b1011000 2
1$
#69440000
0$
#69450000
b1011001 2
b1001 7
1$
#69460000
0$
#69470000
b1010 7
b1011010 2
1$
#69480000
0$
#69490000
b1011011 2
b1011 7
1$
#69500000
0$
#69510000
b1100 7
b1011100 2
1$
#69520000
0$
#69530000
b1011101 2
b1101 7
1$
#69540000
0$
#69550000
b1110 7
b1011110 2
1$
#69560000
0$
#69570000
b1011111 2
b1111 7
1$
#69580000
0$
#69590000
b10000 7
b1100000 2
1$
#69600000
0$
#69610000
b1100001 2
b10001 7
1$
#69620000
0$
#69630000
b10010 7
b1100010 2
1$
#69640000
0$
#69650000
b1100011 2
b10011 7
1$
#69660000
0$
#69670000
b10100 7
b10 1
0)
b110000 3
b0 2
1$
#69680000
0$
#69690000
b1 2
b10101 7
1$
#69700000
0$
#69710000
b10110 7
b10 2
1$
#69720000
0$
#69730000
b11 2
b10111 7
1$
#69740000
0$
#69750000
b11000 7
b100 2
1$
#69760000
0$
#69770000
b101 2
b11001 7
1$
#69780000
0$
#69790000
b11010 7
b110 2
1$
#69800000
0$
#69810000
b111 2
b11011 7
1$
#69820000
0$
#69830000
b11100 7
b1000 2
1$
#69840000
0$
#69850000
b1001 2
b11101 7
1$
#69860000
0$
#69870000
b11110 7
b1010 2
1$
#69880000
0$
#69890000
b1011 2
b11111 7
1$
#69900000
0$
#69910000
b100000 7
b1100 2
1$
#69920000
0$
#69930000
b1101 2
b100001 7
1$
#69940000
0$
#69950000
b100010 7
b1110 2
1$
#69960000
0$
#69970000
b1111 2
b100011 7
1$
#69980000
0$
#69990000
b100100 7
b10000 2
1$
#70000000
0$
#70010000
b10001 2
b100101 7
1$
#70020000
0$
#70030000
b100110 7
b10010 2
1$
#70040000
0$
#70050000
b10011 2
b100111 7
1$
#70060000
0$
#70070000
b101000 7
b10100 2
1$
#70080000
0$
#70090000
b10101 2
b101001 7
1$
#70100000
0$
#70110000
b101010 7
b10110 2
1$
#70120000
0$
#70130000
b10111 2
b101011 7
1$
#70140000
0$
#70150000
b101100 7
b11000 2
1$
#70160000
0$
#70170000
b11001 2
b101101 7
1$
#70180000
0$
#70190000
b101110 7
b11010 2
1$
#70200000
0$
#70210000
b11011 2
b101111 7
1$
#70220000
0$
#70230000
b110000 7
b11100 2
1$
#70240000
0$
#70250000
b11101 2
b110001 7
1$
#70260000
0$
#70270000
0#
b0 7
b11110 2
1$
#70280000
0$
#70290000
b11111 2
b1 7
1$
#70300000
0$
#70310000
b10 7
b100000 2
1$
#70320000
0$
#70330000
b100001 2
b11 7
1$
#70340000
0$
#70350000
b100 7
b100010 2
1$
#70360000
0$
#70370000
b100011 2
b101 7
1$
#70380000
0$
#70390000
b110 7
b100100 2
1$
#70400000
0$
#70410000
b100101 2
b111 7
1$
#70420000
0$
#70430000
b1000 7
b100110 2
1$
#70440000
0$
#70450000
b100111 2
b1001 7
1$
#70460000
0$
#70470000
b1010 7
b101000 2
1$
#70480000
0$
#70490000
b101001 2
b1011 7
1$
#70500000
0$
#70510000
b1100 7
b101010 2
1$
#70520000
0$
#70530000
b101011 2
b1101 7
1$
#70540000
0$
#70550000
b1110 7
b101100 2
1$
#70560000
0$
#70570000
b101101 2
b1111 7
1$
#70580000
0$
#70590000
b10000 7
b101110 2
1$
#70600000
0$
#70610000
b101111 2
b10001 7
1$
#70620000
0$
#70630000
b10010 7
b110000 2
1$
#70640000
0$
#70650000
b110001 2
b10011 7
1$
#70660000
0$
#70670000
b10100 7
b110010 2
1$
#70680000
0$
#70690000
b110011 2
b10101 7
1$
#70700000
0$
#70710000
b10110 7
b110100 2
1$
#70720000
0$
#70730000
b110101 2
b10111 7
1$
#70740000
0$
#70750000
b11000 7
b110110 2
1$
#70760000
0$
#70770000
b110111 2
b11001 7
1$
#70780000
0$
#70790000
b11010 7
b111000 2
1$
#70800000
0$
#70810000
b111001 2
b11011 7
1$
#70820000
0$
#70830000
b11100 7
b111010 2
1$
#70840000
0$
#70850000
b111011 2
b11101 7
1$
#70860000
0$
#70870000
b11110 7
b111100 2
1$
#70880000
0$
#70890000
b111101 2
b11111 7
1$
#70900000
0$
#70910000
b100000 7
b111110 2
1$
#70920000
0$
#70930000
b111111 2
b100001 7
1$
#70940000
0$
#70950000
b100010 7
b1000000 2
1$
#70960000
0$
#70970000
b1000001 2
b100011 7
1$
#70980000
0$
#70990000
b100100 7
b1000010 2
1$
#71000000
0$
#71010000
b1000011 2
b100101 7
1$
#71020000
0$
#71030000
b100110 7
b1000100 2
1$
#71040000
0$
#71050000
b1000101 2
b100111 7
1$
#71060000
0$
#71070000
b101000 7
b1000110 2
1$
#71080000
0$
#71090000
b1000111 2
b101001 7
1$
#71100000
0$
#71110000
b101010 7
b1001000 2
1$
#71120000
0$
#71130000
b1001001 2
b101011 7
1$
#71140000
0$
#71150000
b101100 7
b1001010 2
1$
#71160000
0$
#71170000
b1001011 2
b101101 7
1$
#71180000
0$
#71190000
b101110 7
b1001100 2
1$
#71200000
0$
#71210000
b1001101 2
b101111 7
1$
#71220000
0$
#71230000
b110000 7
b1001110 2
1$
#71240000
0$
#71250000
b1001111 2
b110001 7
1$
#71260000
0$
#71270000
1#
b0 7
b1010000 2
1$
#71280000
0$
#71290000
b1010001 2
b1 7
1$
#71300000
0$
#71310000
b10 7
b1010010 2
1$
#71320000
0$
#71330000
b1010011 2
b11 7
1$
#71340000
0$
#71350000
b100 7
b1010100 2
1$
#71360000
0$
#71370000
b1010101 2
b101 7
1$
#71380000
0$
#71390000
b110 7
b1010110 2
1$
#71400000
0$
#71410000
b1010111 2
b111 7
1$
#71420000
0$
#71430000
b1000 7
b1011000 2
1$
#71440000
0$
#71450000
b1011001 2
b1001 7
1$
#71460000
0$
#71470000
b1010 7
b1011010 2
1$
#71480000
0$
#71490000
b1011011 2
b1011 7
1$
#71500000
0$
#71510000
b1100 7
b1011100 2
1$
#71520000
0$
#71530000
b1011101 2
b1101 7
1$
#71540000
0$
#71550000
b1110 7
b1011110 2
1$
#71560000
0$
#71570000
b1011111 2
b1111 7
1$
#71580000
0$
#71590000
b10000 7
b1100000 2
1$
#71600000
0$
#71610000
b1100001 2
b10001 7
1$
#71620000
0$
#71630000
b10010 7
b1100010 2
1$
#71640000
0$
#71650000
b1100011 2
b10011 7
1$
#71660000
0$
#71670000
b10100 7
b11 1
b1100000 3
b0 2
1$
#71680000
0$
#71690000
b1 2
b10101 7
1$
#71700000
0$
#71710000
b10110 7
b10 2
1$
#71720000
0$
#71730000
b11 2
b10111 7
1$
#71740000
0$
#71750000
b11000 7
b100 2
1$
#71760000
0$
#71770000
b101 2
b11001 7
1$
#71780000
0$
#71790000
b11010 7
b110 2
1$
#71800000
0$
#71810000
b111 2
b11011 7
1$
#71820000
0$
#71830000
b11100 7
b1000 2
1$
#71840000
0$
#71850000
b1001 2
b11101 7
1$
#71860000
0$
#71870000
b11110 7
b1010 2
1$
#71880000
0$
#71890000
b1011 2
b11111 7
1$
#71900000
0$
#71910000
b100000 7
b1100 2
1$
#71920000
0$
#71930000
b1101 2
b100001 7
1$
#71940000
0$
#71950000
b100010 7
b1110 2
1$
#71960000
0$
#71970000
b1111 2
b100011 7
1$
#71980000
0$
#71990000
b100100 7
b10000 2
1$
#72000000
0$
#72010000
b10001 2
b100101 7
1$
#72020000
0$
#72030000
b100110 7
b10010 2
1$
#72040000
0$
#72050000
b10011 2
b100111 7
1$
#72060000
0$
#72070000
b101000 7
b10100 2
1$
#72080000
0$
#72090000
b10101 2
b101001 7
1$
#72100000
0$
#72110000
b101010 7
b10110 2
1$
#72120000
0$
#72130000
b10111 2
b101011 7
1$
#72140000
0$
#72150000
b101100 7
b11000 2
1$
#72160000
0$
#72170000
b11001 2
b101101 7
1$
#72180000
0$
#72190000
b101110 7
b11010 2
1$
#72200000
0$
#72210000
b11011 2
b101111 7
1$
#72220000
0$
#72230000
b110000 7
b11100 2
1$
#72240000
0$
#72250000
b11101 2
b110001 7
1$
#72260000
0$
#72270000
0#
b0 7
b11110 2
1$
#72280000
0$
#72290000
b11111 2
b1 7
1$
#72300000
0$
#72310000
b10 7
b100000 2
1$
#72320000
0$
#72330000
b100001 2
b11 7
1$
#72340000
0$
#72350000
b100 7
b100010 2
1$
#72360000
0$
#72370000
b100011 2
b101 7
1$
#72380000
0$
#72390000
b110 7
b100100 2
1$
#72400000
0$
#72410000
b100101 2
b111 7
1$
#72420000
0$
#72430000
b1000 7
b100110 2
1$
#72440000
0$
#72450000
b100111 2
b1001 7
1$
#72460000
0$
#72470000
b1010 7
b101000 2
1$
#72480000
0$
#72490000
b101001 2
b1011 7
1$
#72500000
0$
#72510000
b1100 7
b101010 2
1$
#72520000
0$
#72530000
b101011 2
b1101 7
1$
#72540000
0$
#72550000
b1110 7
b101100 2
1$
#72560000
0$
#72570000
b101101 2
b1111 7
1$
#72580000
0$
#72590000
b10000 7
b101110 2
1$
#72600000
0$
#72610000
b101111 2
b10001 7
1$
#72620000
0$
#72630000
b10010 7
b110000 2
1$
#72640000
0$
#72650000
b110001 2
b10011 7
1$
#72660000
0$
#72670000
b10100 7
b110010 2
1$
#72680000
0$
#72690000
b110011 2
b10101 7
1$
#72700000
0$
#72710000
b10110 7
b110100 2
1$
#72720000
0$
#72730000
b110101 2
b10111 7
1$
#72740000
0$
#72750000
b11000 7
b110110 2
1$
#72760000
0$
#72770000
b110111 2
b11001 7
1$
#72780000
0$
#72790000
b11010 7
b111000 2
1$
#72800000
0$
#72810000
b111001 2
b11011 7
1$
#72820000
0$
#72830000
b11100 7
b111010 2
1$
#72840000
0$
#72850000
b111011 2
b11101 7
1$
#72860000
0$
#72870000
b11110 7
b111100 2
1$
#72880000
0$
#72890000
b111101 2
b11111 7
1$
#72900000
0$
#72910000
b100000 7
b111110 2
1$
#72920000
0$
#72930000
b111111 2
b100001 7
1$
#72940000
0$
#72950000
b100010 7
b1000000 2
1$
#72960000
0$
#72970000
b1000001 2
b100011 7
1$
#72980000
0$
#72990000
b100100 7
b1000010 2
1$
#73000000
0$
#73010000
b1000011 2
b100101 7
1$
#73020000
0$
#73030000
b100110 7
b1000100 2
1$
#73040000
0$
#73050000
b1000101 2
b100111 7
1$
#73060000
0$
#73070000
b101000 7
b1000110 2
1$
#73080000
0$
#73090000
b1000111 2
b101001 7
1$
#73100000
0$
#73110000
b101010 7
b1001000 2
1$
#73120000
0$
#73130000
b1001001 2
b101011 7
1$
#73140000
0$
#73150000
b101100 7
b1001010 2
1$
#73160000
0$
#73170000
b1001011 2
b101101 7
1$
#73180000
0$
#73190000
b101110 7
b1001100 2
1$
#73200000
0$
#73210000
b1001101 2
b101111 7
1$
#73220000
0$
#73230000
b110000 7
b1001110 2
1$
#73240000
0$
#73250000
b1001111 2
b110001 7
1$
#73260000
0$
#73270000
1#
b0 7
b1010000 2
1$
#73280000
0$
#73290000
b1010001 2
b1 7
1$
#73300000
0$
#73310000
b10 7
b1010010 2
1$
#73320000
0$
#73330000
b1010011 2
b11 7
1$
#73340000
0$
#73350000
b100 7
b1010100 2
1$
#73360000
0$
#73370000
b1010101 2
b101 7
1$
#73380000
0$
#73390000
b110 7
b1010110 2
1$
#73400000
0$
#73410000
b1010111 2
b111 7
1$
#73420000
0$
#73430000
b1000 7
b1011000 2
1$
#73440000
0$
#73450000
b1011001 2
b1001 7
1$
#73460000
0$
#73470000
b1010 7
b1011010 2
1$
#73480000
0$
#73490000
b1011011 2
b1011 7
1$
#73500000
0$
#73510000
b1100 7
b1011100 2
1$
#73520000
0$
#73530000
b1011101 2
b1101 7
1$
#73540000
0$
#73550000
b1110 7
b1011110 2
1$
#73560000
0$
#73570000
b1011111 2
b1111 7
1$
#73580000
0$
#73590000
b10000 7
b1100000 2
1$
#73600000
0$
#73610000
b1100001 2
b10001 7
1$
#73620000
0$
#73630000
b10010 7
b1100010 2
1$
#73640000
0$
#73650000
b1100011 2
b10011 7
1$
#73660000
0$
#73670000
b10100 7
b100 1
1)
b11000000 3
b0 2
1$
#73680000
0$
#73690000
b1 2
b10101 7
1$
#73700000
0$
#73710000
b10110 7
b10 2
1$
#73720000
0$
#73730000
b11 2
b10111 7
1$
#73740000
0$
#73750000
b11000 7
b100 2
1$
#73760000
0$
#73770000
b101 2
0#
b0 7
1$
#73780000
0$
#73790000
b1 7
b110 2
1$
#73800000
0$
#73810000
b111 2
b10 7
1$
#73820000
0$
#73830000
b11 7
b1000 2
1$
#73840000
0$
#73850000
b1001 2
b100 7
1$
#73860000
0$
#73870000
b101 7
b1010 2
1$
#73880000
0$
#73890000
b1011 2
b110 7
1$
#73900000
0$
#73910000
b111 7
b1100 2
1$
#73920000
0$
#73930000
b1101 2
b1000 7
1$
#73940000
0$
#73950000
b1001 7
b1110 2
1$
#73960000
0$
#73970000
b1111 2
b1010 7
1$
#73980000
0$
#73990000
b1011 7
b10000 2
1$
#74000000
0$
#74010000
b10001 2
b1100 7
1$
#74020000
0$
#74030000
b1101 7
b10010 2
1$
#74040000
0$
#74050000
b10011 2
b1110 7
1$
#74060000
0$
#74070000
b1111 7
b10100 2
1$
#74080000
0$
#74090000
b10101 2
b10000 7
1$
#74100000
0$
#74110000
b10001 7
b10110 2
1$
#74120000
0$
#74130000
b10111 2
b10010 7
1$
#74140000
0$
#74150000
b10011 7
b11000 2
1$
#74160000
0$
#74170000
b11001 2
b10100 7
1$
#74180000
0$
#74190000
b10101 7
b11010 2
1$
#74200000
0$
#74210000
b11011 2
b10110 7
1$
#74220000
0$
#74230000
b10111 7
b11100 2
1$
#74240000
0$
#74250000
b11101 2
b11000 7
1$
#74260000
0$
#74270000
1#
b0 7
b11110 2
1$
#74280000
0$
#74290000
b11111 2
b1 7
1$
#74300000
0$
#74310000
b10 7
b100000 2
1$
#74320000
0$
#74330000
b100001 2
b11 7
1$
#74340000
0$
#74350000
b100 7
b100010 2
1$
#74360000
0$
#74370000
b100011 2
b101 7
1$
#74380000
0$
#74390000
b110 7
b100100 2
1$
#74400000
0$
#74410000
b100101 2
b111 7
1$
#74420000
0$
#74430000
b1000 7
b100110 2
1$
#74440000
0$
#74450000
b100111 2
b1001 7
1$
#74460000
0$
#74470000
b1010 7
b101000 2
1$
#74480000
0$
#74490000
b101001 2
b1011 7
1$
#74500000
0$
#74510000
b1100 7
b101010 2
1$
#74520000
0$
#74530000
b101011 2
b1101 7
1$
#74540000
0$
#74550000
b1110 7
b101100 2
1$
#74560000
0$
#74570000
b101101 2
b1111 7
1$
#74580000
0$
#74590000
b10000 7
b101110 2
1$
#74600000
0$
#74610000
b101111 2
b10001 7
1$
#74620000
0$
#74630000
b10010 7
b110000 2
1$
#74640000
0$
#74650000
b110001 2
b10011 7
1$
#74660000
0$
#74670000
b10100 7
b110010 2
1$
#74680000
0$
#74690000
b110011 2
b10101 7
1$
#74700000
0$
#74710000
b10110 7
b110100 2
1$
#74720000
0$
#74730000
b110101 2
b10111 7
1$
#74740000
0$
#74750000
b11000 7
b110110 2
1$
#74760000
0$
#74770000
b110111 2
0#
b0 7
1$
#74780000
0$
#74790000
b1 7
b111000 2
1$
#74800000
0$
#74810000
b111001 2
b10 7
1$
#74820000
0$
#74830000
b11 7
b111010 2
1$
#74840000
0$
#74850000
b111011 2
b100 7
1$
#74860000
0$
#74870000
b101 7
b111100 2
1$
#74880000
0$
#74890000
b111101 2
b110 7
1$
#74900000
0$
#74910000
b111 7
b111110 2
1$
#74920000
0$
#74930000
b111111 2
b1000 7
1$
#74940000
0$
#74950000
b1001 7
b1000000 2
1$
#74960000
0$
#74970000
b1000001 2
b1010 7
1$
#74980000
0$
#74990000
b1011 7
b1000010 2
1$
#75000000
0$
#75010000
b1000011 2
b1100 7
1$
#75020000
0$
#75030000
b1101 7
b1000100 2
1$
#75040000
0$
#75050000
b1000101 2
b1110 7
1$
#75060000
0$
#75070000
b1111 7
b1000110 2
1$
#75080000
0$
#75090000
b1000111 2
b10000 7
1$
#75100000
0$
#75110000
b10001 7
b1001000 2
1$
#75120000
0$
#75130000
b1001001 2
b10010 7
1$
#75140000
0$
#75150000
b10011 7
b1001010 2
1$
#75160000
0$
#75170000
b1001011 2
b10100 7
1$
#75180000
0$
#75190000
b10101 7
b1001100 2
1$
#75200000
0$
#75210000
b1001101 2
b10110 7
1$
#75220000
0$
#75230000
b10111 7
b1001110 2
1$
#75240000
0$
#75250000
b1001111 2
b11000 7
1$
#75260000
0$
#75270000
1#
b0 7
b1010000 2
1$
#75280000
0$
#75290000
b1010001 2
b1 7
1$
#75300000
0$
#75310000
b10 7
b1010010 2
1$
#75320000
0$
#75330000
b1010011 2
b11 7
1$
#75340000
0$
#75350000
b100 7
b1010100 2
1$
#75360000
0$
#75370000
b1010101 2
b101 7
1$
#75380000
0$
#75390000
b110 7
b1010110 2
1$
#75400000
0$
#75410000
b1010111 2
b111 7
1$
#75420000
0$
#75430000
b1000 7
b1011000 2
1$
#75440000
0$
#75450000
b1011001 2
b1001 7
1$
#75460000
0$
#75470000
b1010 7
b1011010 2
1$
#75480000
0$
#75490000
b1011011 2
b1011 7
1$
#75500000
0$
#75510000
b1100 7
b1011100 2
1$
#75520000
0$
#75530000
b1011101 2
b1101 7
1$
#75540000
0$
#75550000
b1110 7
b1011110 2
1$
#75560000
0$
#75570000
b1011111 2
b1111 7
1$
#75580000
0$
#75590000
b10000 7
b1100000 2
1$
#75600000
0$
#75610000
b1100001 2
b10001 7
1$
#75620000
0$
#75630000
b10010 7
b1100010 2
1$
#75640000
0$
#75650000
b1100011 2
b10011 7
1$
#75660000
0$
#75670000
b10100 7
b101 1
b10000000 3
b0 2
1$
#75680000
0$
#75690000
b1 2
b10101 7
1$
#75700000
0$
#75710000
b10110 7
b10 2
1$
#75720000
0$
#75730000
b11 2
b10111 7
1$
#75740000
0$
#75750000
b11000 7
b100 2
1$
#75760000
0$
#75770000
b101 2
0#
b0 7
1$
#75780000
0$
#75790000
b1 7
b110 2
1$
#75800000
0$
#75810000
b111 2
b10 7
1$
#75820000
0$
#75830000
b11 7
b1000 2
1$
#75840000
0$
#75850000
b1001 2
b100 7
1$
#75860000
0$
#75870000
b101 7
b1010 2
1$
#75880000
0$
#75890000
b1011 2
b110 7
1$
#75900000
0$
#75910000
b111 7
b1100 2
1$
#75920000
0$
#75930000
b1101 2
b1000 7
1$
#75940000
0$
#75950000
b1001 7
b1110 2
1$
#75960000
0$
#75970000
b1111 2
b1010 7
1$
#75980000
0$
#75990000
b1011 7
b10000 2
1$
#76000000
0$
#76010000
b10001 2
b1100 7
1$
#76020000
0$
#76030000
b1101 7
b10010 2
1$
#76040000
0$
#76050000
b10011 2
b1110 7
1$
#76060000
0$
#76070000
b1111 7
b10100 2
1$
#76080000
0$
#76090000
b10101 2
b10000 7
1$
#76100000
0$
#76110000
b10001 7
b10110 2
1$
#76120000
0$
#76130000
b10111 2
b10010 7
1$
#76140000
0$
#76150000
b10011 7
b11000 2
1$
#76160000
0$
#76170000
b11001 2
b10100 7
1$
#76180000
0$
#76190000
b10101 7
b11010 2
1$
#76200000
0$
#76210000
b11011 2
b10110 7
1$
#76220000
0$
#76230000
b10111 7
b11100 2
1$
#76240000
0$
#76250000
b11101 2
b11000 7
1$
#76260000
0$
#76270000
1#
b0 7
b11110 2
1$
#76280000
0$
#76290000
b11111 2
b1 7
1$
#76300000
0$
#76310000
b10 7
b100000 2
1$
#76320000
0$
#76330000
b100001 2
b11 7
1$
#76340000
0$
#76350000
b100 7
b100010 2
1$
#76360000
0$
#76370000
b100011 2
b101 7
1$
#76380000
0$
#76390000
b110 7
b100100 2
1$
#76400000
0$
#76410000
b100101 2
b111 7
1$
#76420000
0$
#76430000
b1000 7
b100110 2
1$
#76440000
0$
#76450000
b100111 2
b1001 7
1$
#76460000
0$
#76470000
b1010 7
b101000 2
1$
#76480000
0$
#76490000
b101001 2
b1011 7
1$
#76500000
0$
#76510000
b1100 7
b101010 2
1$
#76520000
0$
#76530000
b101011 2
b1101 7
1$
#76540000
0$
#76550000
b1110 7
b101100 2
1$
#76560000
0$
#76570000
b101101 2
b1111 7
1$
#76580000
0$
#76590000
b10000 7
b101110 2
1$
#76600000
0$
#76610000
b101111 2
b10001 7
1$
#76620000
0$
#76630000
b10010 7
b110000 2
1$
#76640000
0$
#76650000
b110001 2
b10011 7
1$
#76660000
0$
#76670000
b10100 7
b110010 2
1$
#76680000
0$
#76690000
b110011 2
b10101 7
1$
#76700000
0$
#76710000
b10110 7
b110100 2
1$
#76720000
0$
#76730000
b110101 2
b10111 7
1$
#76740000
0$
#76750000
b11000 7
b110110 2
1$
#76760000
0$
#76770000
b110111 2
0#
b0 7
1$
#76780000
0$
#76790000
b1 7
b111000 2
1$
#76800000
0$
#76810000
b111001 2
b10 7
1$
#76820000
0$
#76830000
b11 7
b111010 2
1$
#76840000
0$
#76850000
b111011 2
b100 7
1$
#76860000
0$
#76870000
b101 7
b111100 2
1$
#76880000
0$
#76890000
b111101 2
b110 7
1$
#76900000
0$
#76910000
b111 7
b111110 2
1$
#76920000
0$
#76930000
b111111 2
b1000 7
1$
#76940000
0$
#76950000
b1001 7
b1000000 2
1$
#76960000
0$
#76970000
b1000001 2
b1010 7
1$
#76980000
0$
#76990000
b1011 7
b1000010 2
1$
#77000000
0$
#77010000
b1000011 2
b1100 7
1$
#77020000
0$
#77030000
b1101 7
b1000100 2
1$
#77040000
0$
#77050000
b1000101 2
b1110 7
1$
#77060000
0$
#77070000
b1111 7
b1000110 2
1$
#77080000
0$
#77090000
b1000111 2
b10000 7
1$
#77100000
0$
#77110000
b10001 7
b1001000 2
1$
#77120000
0$
#77130000
b1001001 2
b10010 7
1$
#77140000
0$
#77150000
b10011 7
b1001010 2
1$
#77160000
0$
#77170000
b1001011 2
b10100 7
1$
#77180000
0$
#77190000
b10101 7
b1001100 2
1$
#77200000
0$
#77210000
b1001101 2
b10110 7
1$
#77220000
0$
#77230000
b10111 7
b1001110 2
1$
#77240000
0$
#77250000
b1001111 2
b11000 7
1$
#77260000
0$
#77270000
1#
b0 7
b1010000 2
1$
#77280000
0$
#77290000
b1010001 2
b1 7
1$
#77300000
0$
#77310000
b10 7
b1010010 2
1$
#77320000
0$
#77330000
b1010011 2
b11 7
1$
#77340000
0$
#77350000
b100 7
b1010100 2
1$
#77360000
0$
#77370000
b1010101 2
b101 7
1$
#77380000
0$
#77390000
b110 7
b1010110 2
1$
#77400000
0$
#77410000
b1010111 2
b111 7
1$
#77420000
0$
#77430000
b1000 7
b1011000 2
1$
#77440000
0$
#77450000
b1011001 2
b1001 7
1$
#77460000
0$
#77470000
b1010 7
b1011010 2
1$
#77480000
0$
#77490000
b1011011 2
b1011 7
1$
#77500000
0$
#77510000
b1100 7
b1011100 2
1$
#77520000
0$
#77530000
b1011101 2
b1101 7
1$
#77540000
0$
#77550000
b1110 7
b1011110 2
1$
#77560000
0$
#77570000
b1011111 2
b1111 7
1$
#77580000
0$
#77590000
b10000 7
b1100000 2
1$
#77600000
0$
#77610000
b1100001 2
b10001 7
1$
#77620000
0$
#77630000
b10010 7
b1100010 2
1$
#77640000
0$
#77650000
b1100011 2
b10011 7
1$
#77660000
0$
#77670000
b10100 7
b110 1
0)
b0 3
b0 2
1$
#77680000
0$
#77690000
b1 2
b10101 7
1$
#77700000
0$
#77710000
b10110 7
b10 2
1$
#77720000
0$
#77730000
b11 2
b10111 7
1$
#77740000
0$
#77750000
b11000 7
b100 2
1$
#77760000
0$
#77770000
b101 2
b11001 7
1$
#77780000
0$
#77790000
b11010 7
b110 2
1$
#77800000
0$
#77810000
b111 2
b11011 7
1$
#77820000
0$
#77830000
b11100 7
b1000 2
1$
#77840000
0$
#77850000
b1001 2
b11101 7
1$
#77860000
0$
#77870000
b11110 7
b1010 2
1$
#77880000
0$
#77890000
b1011 2
b11111 7
1$
#77900000
0$
#77910000
b100000 7
b1100 2
1$
#77920000
0$
#77930000
b1101 2
b100001 7
1$
#77940000
0$
#77950000
b100010 7
b1110 2
1$
#77960000
0$
#77970000
b1111 2
b100011 7
1$
#77980000
0$
#77990000
b100100 7
b10000 2
1$
#78000000
0$
#78010000
b10001 2
b100101 7
1$
#78020000
0$
#78030000
b100110 7
b10010 2
1$
#78040000
0$
#78050000
b10011 2
b100111 7
1$
#78060000
0$
#78070000
b101000 7
b10100 2
1$
#78080000
0$
#78090000
b10101 2
b101001 7
1$
#78100000
0$
#78110000
b101010 7
b10110 2
1$
#78120000
0$
#78130000
b10111 2
b101011 7
1$
#78140000
0$
#78150000
b101100 7
b11000 2
1$
#78160000
0$
#78170000
b11001 2
b101101 7
1$
#78180000
0$
#78190000
b101110 7
b11010 2
1$
#78200000
0$
#78210000
b11011 2
b101111 7
1$
#78220000
0$
#78230000
b110000 7
b11100 2
1$
#78240000
0$
#78250000
b11101 2
b110001 7
1$
#78260000
0$
#78270000
0#
b0 7
b11110 2
1$
#78280000
0$
#78290000
b11111 2
b1 7
1$
#78300000
0$
#78310000
b10 7
b100000 2
1$
#78320000
0$
#78330000
b100001 2
b11 7
1$
#78340000
0$
#78350000
b100 7
b100010 2
1$
#78360000
0$
#78370000
b100011 2
b101 7
1$
#78380000
0$
#78390000
b110 7
b100100 2
1$
#78400000
0$
#78410000
b100101 2
b111 7
1$
#78420000
0$
#78430000
b1000 7
b100110 2
1$
#78440000
0$
#78450000
b100111 2
b1001 7
1$
#78460000
0$
#78470000
b1010 7
b101000 2
1$
#78480000
0$
#78490000
b101001 2
b1011 7
1$
#78500000
0$
#78510000
b1100 7
b101010 2
1$
#78520000
0$
#78530000
b101011 2
b1101 7
1$
#78540000
0$
#78550000
b1110 7
b101100 2
1$
#78560000
0$
#78570000
b101101 2
b1111 7
1$
#78580000
0$
#78590000
b10000 7
b101110 2
1$
#78600000
0$
#78610000
b101111 2
b10001 7
1$
#78620000
0$
#78630000
b10010 7
b110000 2
1$
#78640000
0$
#78650000
b110001 2
b10011 7
1$
#78660000
0$
#78670000
b10100 7
b110010 2
1$
#78680000
0$
#78690000
b110011 2
b10101 7
1$
#78700000
0$
#78710000
b10110 7
b110100 2
1$
#78720000
0$
#78730000
b110101 2
b10111 7
1$
#78740000
0$
#78750000
b11000 7
b110110 2
1$
#78760000
0$
#78770000
b110111 2
b11001 7
1$
#78780000
0$
#78790000
b11010 7
b111000 2
1$
#78800000
0$
#78810000
b111001 2
b11011 7
1$
#78820000
0$
#78830000
b11100 7
b111010 2
1$
#78840000
0$
#78850000
b111011 2
b11101 7
1$
#78860000
0$
#78870000
b11110 7
b111100 2
1$
#78880000
0$
#78890000
b111101 2
b11111 7
1$
#78900000
0$
#78910000
b100000 7
b111110 2
1$
#78920000
0$
#78930000
b111111 2
b100001 7
1$
#78940000
0$
#78950000
b100010 7
b1000000 2
1$
#78960000
0$
#78970000
b1000001 2
b100011 7
1$
#78980000
0$
#78990000
b100100 7
b1000010 2
1$
#79000000
0$
#79010000
b1000011 2
b100101 7
1$
#79020000
0$
#79030000
b100110 7
b1000100 2
1$
#79040000
0$
#79050000
b1000101 2
b100111 7
1$
#79060000
0$
#79070000
b101000 7
b1000110 2
1$
#79080000
0$
#79090000
b1000111 2
b101001 7
1$
#79100000
0$
#79110000
b101010 7
b1001000 2
1$
#79120000
0$
#79130000
b1001001 2
b101011 7
1$
#79140000
0$
#79150000
b101100 7
b1001010 2
1$
#79160000
0$
#79170000
b1001011 2
b101101 7
1$
#79180000
0$
#79190000
b101110 7
b1001100 2
1$
#79200000
0$
#79210000
b1001101 2
b101111 7
1$
#79220000
0$
#79230000
b110000 7
b1001110 2
1$
#79240000
0$
#79250000
b1001111 2
b110001 7
1$
#79260000
0$
#79270000
1#
b0 7
b1010000 2
1$
#79280000
0$
#79290000
b1010001 2
b1 7
1$
#79300000
0$
#79310000
b10 7
b1010010 2
1$
#79320000
0$
#79330000
b1010011 2
b11 7
1$
#79340000
0$
#79350000
b100 7
b1010100 2
1$
#79360000
0$
#79370000
b1010101 2
b101 7
1$
#79380000
0$
#79390000
b110 7
b1010110 2
1$
#79400000
0$
#79410000
b1010111 2
b111 7
1$
#79420000
0$
#79430000
b1000 7
b1011000 2
1$
#79440000
0$
#79450000
b1011001 2
b1001 7
1$
#79460000
0$
#79470000
b1010 7
b1011010 2
1$
#79480000
0$
#79490000
b1011011 2
b1011 7
1$
#79500000
0$
#79510000
b1100 7
b1011100 2
1$
#79520000
0$
#79530000
b1011101 2
b1101 7
1$
#79540000
0$
#79550000
b1110 7
b1011110 2
1$
#79560000
0$
#79570000
b1011111 2
b1111 7
1$
#79580000
0$
#79590000
b10000 7
b1100000 2
1$
#79600000
0$
#79610000
b1100001 2
b10001 7
1$
#79620000
0$
#79630000
b10010 7
b1100010 2
1$
#79640000
0$
#79650000
b1100011 2
b10011 7
1$
#79660000
0$
#79670000
b10100 7
b111 1
b0 2
1$
#79680000
0$
#79690000
b1 2
b10101 7
1$
#79700000
0$
#79710000
b10110 7
b10 2
1$
#79720000
0$
#79730000
b11 2
b10111 7
1$
#79740000
0$
#79750000
b11000 7
b100 2
1$
#79760000
0$
#79770000
b101 2
b11001 7
1$
#79780000
0$
#79790000
b11010 7
b110 2
1$
#79800000
0$
#79810000
b111 2
b11011 7
1$
#79820000
0$
#79830000
b11100 7
b1000 2
1$
#79840000
0$
#79850000
b1001 2
b11101 7
1$
#79860000
0$
#79870000
b11110 7
b1010 2
1$
#79880000
0$
#79890000
b1011 2
b11111 7
1$
#79900000
0$
#79910000
b100000 7
b1100 2
1$
#79920000
0$
#79930000
b1101 2
b100001 7
1$
#79940000
0$
#79950000
b100010 7
b1110 2
1$
#79960000
0$
#79970000
b1111 2
b100011 7
1$
#79980000
0$
#79990000
b100100 7
b10000 2
1$
#80000000
0$
#80010000
b10001 2
b100101 7
1$
#80020000
0$
#80030000
b100110 7
b10010 2
1$
#80040000
0$
#80050000
b10011 2
b100111 7
1$
#80060000
0$
#80070000
b101000 7
b10100 2
1$
#80080000
0$
#80090000
b10101 2
b101001 7
1$
#80100000
0$
#80110000
b101010 7
b10110 2
1$
#80120000
0$
#80130000
b10111 2
b101011 7
1$
#80140000
0$
#80150000
b101100 7
b11000 2
1$
#80160000
0$
#80170000
b11001 2
b101101 7
1$
#80180000
0$
#80190000
b101110 7
b11010 2
1$
#80200000
0$
#80210000
b11011 2
b101111 7
1$
#80220000
0$
#80230000
b110000 7
b11100 2
1$
#80240000
0$
#80250000
b11101 2
b110001 7
1$
#80260000
0$
#80270000
0#
b0 7
b11110 2
1$
#80280000
0$
#80290000
b11111 2
b1 7
1$
#80300000
0$
#80310000
b10 7
b100000 2
1$
#80320000
0$
#80330000
b100001 2
b11 7
1$
#80340000
0$
#80350000
b100 7
b100010 2
1$
#80360000
0$
#80370000
b100011 2
b101 7
1$
#80380000
0$
#80390000
b110 7
b100100 2
1$
#80400000
0$
#80410000
b100101 2
b111 7
1$
#80420000
0$
#80430000
b1000 7
b100110 2
1$
#80440000
0$
#80450000
b100111 2
b1001 7
1$
#80460000
0$
#80470000
b1010 7
b101000 2
1$
#80480000
0$
#80490000
b101001 2
b1011 7
1$
#80500000
0$
#80510000
b1100 7
b101010 2
1$
#80520000
0$
#80530000
b101011 2
b1101 7
1$
#80540000
0$
#80550000
b1110 7
b101100 2
1$
#80560000
0$
#80570000
b101101 2
b1111 7
1$
#80580000
0$
#80590000
b10000 7
b101110 2
1$
#80600000
0$
#80610000
b101111 2
b10001 7
1$
#80620000
0$
#80630000
b10010 7
b110000 2
1$
#80640000
0$
#80650000
b110001 2
b10011 7
1$
#80660000
0$
#80670000
b10100 7
b110010 2
1$
#80680000
0$
#80690000
b110011 2
b10101 7
1$
#80700000
0$
#80710000
b10110 7
b110100 2
1$
#80720000
0$
#80730000
b110101 2
b10111 7
1$
#80740000
0$
#80750000
b11000 7
b110110 2
1$
#80760000
0$
#80770000
b110111 2
b11001 7
1$
#80780000
0$
#80790000
b11010 7
b111000 2
1$
#80800000
0$
#80810000
b111001 2
b11011 7
1$
#80820000
0$
#80830000
b11100 7
b111010 2
1$
#80840000
0$
#80850000
b111011 2
b11101 7
1$
#80860000
0$
#80870000
b11110 7
b111100 2
1$
#80880000
0$
#80890000
b111101 2
b11111 7
1$
#80900000
0$
#80910000
b100000 7
b111110 2
1$
#80920000
0$
#80930000
b111111 2
b100001 7
1$
#80940000
0$
#80950000
b100010 7
b1000000 2
1$
#80960000
0$
#80970000
b1000001 2
b100011 7
1$
#80980000
0$
#80990000
b100100 7
b1000010 2
1$
#81000000
0$
#81010000
b1000011 2
b100101 7
1$
#81020000
0$
#81030000
b100110 7
b1000100 2
1$
#81040000
0$
#81050000
b1000101 2
b100111 7
1$
#81060000
0$
#81070000
b101000 7
b1000110 2
1$
#81080000
0$
#81090000
b1000111 2
b101001 7
1$
#81100000
0$
#81110000
b101010 7
b1001000 2
1$
#81120000
0$
#81130000
b1001001 2
b101011 7
1$
#81140000
0$
#81150000
b101100 7
b1001010 2
1$
#81160000
0$
#81170000
b1001011 2
b101101 7
1$
#81180000
0$
#81190000
b101110 7
b1001100 2
1$
#81200000
0$
#81210000
b1001101 2
b101111 7
1$
#81220000
0$
#81230000
b110000 7
b1001110 2
1$
#81240000
0$
#81250000
b1001111 2
b110001 7
1$
#81260000
0$
#81270000
1#
b0 7
b1010000 2
1$
#81280000
0$
#81290000
b1010001 2
b1 7
1$
#81300000
0$
#81310000
b10 7
b1010010 2
1$
#81320000
0$
#81330000
b1010011 2
b11 7
1$
#81340000
0$
#81350000
b100 7
b1010100 2
1$
#81360000
0$
#81370000
b1010101 2
b101 7
1$
#81380000
0$
#81390000
b110 7
b1010110 2
1$
#81400000
0$
#81410000
b1010111 2
b111 7
1$
#81420000
0$
#81430000
b1000 7
b1011000 2
1$
#81440000
0$
#81450000
b1011001 2
b1001 7
1$
#81460000
0$
#81470000
b1010 7
b1011010 2
1$
#81480000
0$
#81490000
b1011011 2
b1011 7
1$
#81500000
0$
#81510000
b1100 7
b1011100 2
1$
#81520000
0$
#81530000
b1011101 2
b1101 7
1$
#81540000
0$
#81550000
b1110 7
b1011110 2
1$
#81560000
0$
#81570000
b1011111 2
b1111 7
1$
#81580000
0$
#81590000
b10000 7
b1100000 2
1$
#81600000
0$
#81610000
b1100001 2
b10001 7
1$
#81620000
0$
#81630000
b10010 7
b1100010 2
1$
#81640000
0$
#81650000
b1100011 2
b10011 7
1$
#81660000
0$
#81670000
b10100 7
b0 1
1!
0"
04
b0 2
1$
#81680000
0$
#81690000
0!
b10101 7
1$
#81700000
0$
#81710000
b10110 7
1$
#81720000
0$
#81730000
b10111 7
1$
#81740000
0$
#81750000
b11000 7
1$
#81760000
0$
#81770000
b11001 7
1$
#81780000
0$
#81790000
b11010 7
1$
#81800000
0$
#81810000
b11011 7
1$
#81820000
0$
#81830000
b11100 7
1$
#81840000
0$
#81850000
b11101 7
1$
#81860000
0$
#81870000
b11110 7
1$
